bm,bn,en,zh-CN,hi,es,fr
কিসারে কিতা,কেমন আছেন,how are you,你好吗,आप कैसे हैं,Cómo estás,comment vas-tu ?
কিমে কিসাদে,কেমন আছেন,how are you,你好吗,आप कैसे हैं,Cómo estás,comment vas-tu ?
বলি ইসত,কেমন আছেন,how are you,你好吗,आप कैसे हैं,Cómo estás,comment vas-tu ?
বলি ইয়া আসু,ভালো আছি,i am good,我很好,मैं अच्छा हूँ,estoy bien,je vais bien
মি বলি ইয়া আসু,আমি ভালো আছি,i am fine,我没事,मैं ठीक हूँ,estoy bien,je vais bien
মি পাহুরেবেল্লু,আমি ভুলে গেছি,i forgot,我忘了,मैं भूल गया,me olvidé,j'ai oublié
থাকাত,ধন্যবাদ,thank you,谢谢,धन्यवाद,gracias,merci
তোর নাঙহান কিহান,তোমার নাম কী,what is your name,你叫什么名字,आपका क्या नाम है,cómo te llamas,quel est ton nom
তোর কি নাঙ,তোমার নাম কী,what is your name,你叫什么名字,आपका क्या नाम है,cómo te llamas,quel est ton nom
মোর নাঙ অসীম,আমার নাম অসীম,My name is Asim,我的名字是阿西姆,मेरा नाम आसिम है,mi nombre es asim,Je m'appelle Asim
বিয়ানহান ফুইল,ভোর হয়েছে,it's morning,现在是早上,सुबह है,es de mañana,c'est le matin
মি হারপাসু,আমি জানি,i know,我知道,मुझे पता है,lo sé,je sais
মি হারনাপাসু,আমি জানি না,i don't know,我不知道,मुझें नहीं पता,no sé,je ne sais pas
মি তোরে বানা পাউরি,আমি তোমাকে ভালোবাসি,i love you,我爱你,मुझे तुमसे प्यार है,te amo,Je vous aime
মোরে না পাহুরিস,আমাকে ভুলো না,don't forget me,不要忘记我,मुझे मत भूलना,no me olvides,ne m'oublie pas
এহানদে আহিক,এখানে এসো (বিনয়ের সাথে),come here (politely),来这里（礼貌地）,यहाँ आओ (विनम्रता से),ven aquí (cortésmente),viens ici (poliment)
এহানদে আই,এখানে এসো,come here,来这里,यहाँ आओ,ven aquí,venez ici
ওহানদেযাগা,ওখানে যাও,go there,去那里,वहाँ जाएँ,ve allí,allez-y
আমি যারাংগা,আমরা যাচ্ছি,we are going,我们要去,हम जा रहे है,vamos,nous allons
তুমি যিতাউগা,তুমি যাবে,you will go,你会走的,आपको जाना होगा,tu irás,tu iras
তি কুরাং থারগো,তুমি কোথায় থাকো,where do you live,你住在哪里,आप कहाँ रहते हैं,dónde vive,où  habites-tu
মি এবাকা গরে যিতৌগা,আমি এখন বাড়ি যাব,I will go home now,我现在就回家,मुझे अब घर जाना है,me iré a casa ahora,Je vais rentrer à la maison maintenant
পৌ এহান চালাক্ক দিয়াবেঠা,এই সংবাদটি তাড়াতাড়ি পাঠাও,Send this message quickly,快速发送此消息,यह सन्देश जल्दी भेजो,Envía este mensaje rápidamente,Envoyez ce message rapidement
তা মোর মারুপগো,সে আমার বন্ধু,he is my friend,他是我的朋友,वह मेरा दोस्त है,el es mi amigo,c'est mon ami
তর মেইথঙহান জবরে চুনা,তোমার চেহারা ভারি সুন্দর,Your face is very beautiful,你的脸很漂亮,आपका चेहरा बहुत सुन्दर है,tu cara es muy hermosa,Ton visage est très beau
তি মর লগে আহরগো,তুমি কি আমার সঙ্গে যাবে,will you go with me,你愿意和我一起去吗,क्या तुम मेरे साथ चलोगे,¿Irás conmigo?,Veux-tu venir avec moi
তি ইমার ঠার জানরগো,তুমি কি বিষ্ণুপ্রিয়া মণিপুরী ভাষা জান,Do you know Bishnupriya Manipuri language?,你懂 Bishnupriya Manipuri 语言吗？,क्या आप बिष्णुप्रिया मणिपुरी भाषा जानते हैं?,¿Conoces el idioma Bishnupriya Manipuri?,Connaissez-vous la langue Bishnupriya Manipuri ?
রবীন্দ্রনাথর ইকরা মরতা হবা লাগের,রবীন্দ্রনাথের লেখা আমার খুব ভাল লাগে,I like Rabindranath's writing very much,我非常喜欢罗宾德拉纳特的写作,मुझे रवीन्द्रनाथ का लेखन बहुत पसंद है,Me gusta mucho la escritura de Rabindranath.,J'aime beaucoup l'écriture de Rabindranath
হবা লাগিল,ভাল লাগল,I liked it,我喜欢它,अच्छा लगा,me gustó,J'ai aimé
নিয়াম হবা লাগিল,খুব ভাল লাগল,I liked it very much,我非常喜欢它,मुझे बहुत अच्छा लगा,me gustó mucho,J'ai beaucoup aimé
উবাঅনি,দাঁড়ানো,to stand,站立,सहन करना,estar de pie,se tenir debout
উবাঅয়া থাক,দাঁড়িয়ে থাক,stand up,起来,खड़े हो जाओ,ponerse de pie,se lever
উবা অয়া,দাঁড়িয়ে,standing up,站起来,खड़े होना,de pie,debout
উবা অ,দাঁড়াও,stand up,起来,खड़े हो जाओ,ponerse de pie,se lever
উবাঅনি,দাঁড়ানো,to stand,站立,सहन करना,estar de pie,se tenir debout
গুজুরানি,বলা,to say,说,कहने के लिए,decir,dire
মাতানি,বলা,to say,说,कहने के लिए,decir,dire
মাত,বল,say,说,कहना,decir,dire
মাতলে,বলেছ,you said,你说,आपने कहा,Usted dijo,vous avez dit
মাতেসিলে,বলেছিলে,you said,你说,आपने कहा,Usted dijo,vous avez dit
মাতেসিল,বলেছিলেন,said,说,कहा,dicho,dit
মাতেসে,বলেছে,said,说,कहा,dicho,dit
মাতেসে,বলেছেন,said,说,कहा,dicho,dit
মাতল,বলল,said,说,कहा,dicho,dit
মাতুরি,বলি,say,说,कहना,decir,dire
মাততৌ,বলবো,I will say,我会说,मुझे कहना होगा,voy a decir,je dirai
মাতরাং,বলছি,saying,说,कह रहा,dicho,adage
আলথক অনা,ফেরা,return,返回,वापस करना,devolver,retour
হঙকরানি,তৈরি করা,to make,使,बनाने के लिए,hacer,faire
হঙকরের,তৈরি করে,makes,使,बनाता है,marcas,fait
হঙকরৌরি,তৈরি করি,make,制作,बनाना,hacer,faire
হঙকরেসিল,তৈরি করেছিল,made,制成,बनाया,hecho,fait
হঙকরানি অসিল,তৈরি হয়েছিল,was made,被做了,बनाया गया था,fue hecho,a été fait
হঙকর,তৈরি কর,make up,化妆品,पूरा करना,constituir,se maquiller
হঙকরতৌ,তৈরি করব,will make,将使,कर देंगें,hará,fera
হঙকরতৈ,তৈরি করবে,will make,将使,कर देंगें,hará,fera
বুলানি,বেড়ানো,walk around,走动,चारों ओर चलना,dar una vuelta,se promener
নুংশি,সুগন্ধ,fragrance,香味,खुशबू,fragancia,parfum
মুঙ,পূর্ব,east,东方,पूर्व,este,est
পিছ,পশ্চিম,the west,西方,पश्चिम,el oeste,l'ouest
অওয়াঙ,উত্তর,the answer,答案,उत्तर,la respuesta,la réponse
খা,দক্ষিণ,the south,南方,दक्षिण,el sur,le sud
গস,উপর,on,在,पर,en,sur
তল,নিচ,down,向下,नीचे,abajo,vers le bas
মুঙেদে,সামনে,in front,在前,सामने,Al frente,devant
পিসেদে,পিছনে,behind,在后面,पीछे,detrás,derrière
খানি পিসে আহিস,একটু পরে আসো,come later,稍后来,बाद में आना,ven luego,viens plus tard
কামহান অইল,কাজটা হয়ে গেছে,The job is done,工作完成了,काम पूरा हो गया,el trabajo esta hecho,Le travail est fait
এবাকাই লাগের,এখনই দরকার,Needed now,现在需要,अभी जरूरत है,Necesario ahora,Nécessaire maintenant
পিসে করতৌ,পরে করব,will do later,稍后会做,बाद में करेंगे,lo haré más tarde,je le ferai plus tard
চুমকরে কর,ঠিকমতো করো,do it right,做正确的事,इसे सही से करो,hazlo bien,fais-le bien
আরেকমাউ হৎনা কর,আবার চেষ্টা করো,try again,再试一次,पुनः प्रयास करें,intentar otra vez,essayer à nouveau
হাল না এরা দি,হাল ছেড়ো না,Don't give up,不要放弃,हिम्मत मत हारो,no te rindas,N'abandonne pas
মনহান দিয়া হুন,মন দিয়ে শোনো,Listen carefully,仔细听,ध्यान से सुनो,Escuche atentamente,Écoutez attentivement
ইংগ অয়া থাক,চুপ করো,shut up,住口,चुप रहो,callarse la boca,fermez-la
আতকরে টটারা,জোরে বলো,say it out loud,大声说出来,इसे ज़ोर से कहो,dilo en voz alta,dis-le à voix haute
তাপ্প টটারা,আস্তে বলো,speak slowly,慢慢地说,धीरे बोलो,habla despacio,parler lentement
কাদাত আয়,কাছে আসো,come closer,靠近一点,करीब आएं,acércate,se rapprocher
দূরেইত যাগা,দূরে যাও,go away,离开,दूर जाओ,irse,s'en aller
এগদে আয়,এদিকে আসো,come here,来这里,यहाँ आओ,ven aquí,venez ici
অহানদে যাগা,ওদিকে যাও,go there,去那里,वहाँ जाएँ,ve allí,allez-y
গজে চা,উপরে তাকাও,look up,抬头,ऊपर देखो,buscar,chercher
তলে চা,নিচে দেখো,see below,见下文,नीचे देखें,vea abajo,voir ci-dessous
সিধা যাগা,সোজা যাও,go straight,直行,सीधे जाओ,Siga derecho,Allez tout droit
থাম,থামো,stop,停止,रुकना,detener,arrêt
দাবদে,দৌড়াও,run,跑步,दौड़ना,correr,courir
আট্,হাঁটো,take a walk,散步,टहलें,dar un paseo,faire une promenade
বহ,বসো,sit down,坐下,बैठ जाओ,sentarse,asseyez-vous
উঠ্,উঠো,get up,起床,उठना,levantarse,se lever
গুমজিয়া থাক,শুয়ে থাকো,lie down,躺,लेट जाओ,acostarse,allongez-vous
আত নাদি,হাত দিও না,don't touch,不要碰,मत छुओ,no tocar,ne touche pas
ধর,ধরো,hold on,坚持，稍等,पकड़ना,esperar,attendez
এরা দে,ছেড়ে দাও,give up,放弃,छोड़ देना,abandonar,abandonner
না উসুলি,টেনো না,don't drag,不要拖,खींचो मत,no arrastres,ne traîne pas
না ঠেলি,ঠেলো না,don't push,不要推,धक्का मत दो,no empujes,ne pousse pas
না থেয়ইস,সরে যাও,move away,搬走,टलना,alejarse,s'éloigner
যাগা আহান দে,জায়গা দাও,give space,给空间,जगह दो,dar espacio,donner de l'espace
বিতরে আয়,ভেতরে আসো,come in,进来,अंदर आएं,Adelante,Entrez
বারে যাগা,বাইরে যাও,go outside,出去,बाहर जाओ,salir afuera,sortir
দুয়ারহান আংকর,দরজা খোলো,open the door,打开门,दरवाजा खाेलें,abrir la puerta,ouvre la porte
দুয়ারহান গাৎ,দরজা বন্ধ করো,close the door,关门,दरवाज़ा बंद कर दो,Cierre la puerta,ferme la porte
থমেইগ জ্বালা,আলো জ্বালাও,turn on the light,打开灯,लाइट को चालू करें,encender la luz,allumer la lumière
থমেইগ নিবা,আলো নিভাও,turn off the light,关掉灯,बत्ती बंद करें,apagar la luz,éteindre la lumière
পানি আন,পানি আনো,bring water,带水,पानी लाओ,traer agua,apporter de l'eau
খাওন দে,খাবার দাও,give food,给食物,भोजन दो,dar comida,donner à manger
চা হংকর,চা বানাও,make tea,泡茶,चाय बनाएं,hacer té,faire du thé
ঘুমজা,ঘুমাও,sleep,睡觉,नींद,dormir,dormir
গুমেত্ত উঠ,জেগে উঠো,wake up,醒来,जागो,despertar,réveillez-vous
চালাক্করে কর,তাড়াতাড়ি করো,hurry up,赶快,जल्दी करो,apresúrate,dépêche-toi
সময় নষ্ট না করি,সময় নষ্ট করো না,don't waste time,不要浪费时间,समय बर्बाद मत करो,no pierdas el tiempo,ne perds pas de temps
মনোযোগ দে,মনোযোগ দাও,pay attention,注意,ध्यान देना,prestar atención,Faites attention
না পাহুরিস,ভুলে যেও না,don't forget,别忘了,मत भूलो,no lo olvides,n'oublie pas
মনে থইস,মনে রেখো,remember,记住,याद करना,recordar,souviens-toi
ইকরিয়া থ,লিখে রাখো,write it down,写下来,नीचे लिखें,escríbelo,écris-le
হিসাব থ,হিসাব রাখো,keep count,记数,गिनती रखो,mantener la cuenta,compte
খিয়াল থ,খেয়াল রাখো,take care,小心,अपना ध्यान रखना,cuidarse,prends soin de toi
তালাবি কর,যত্ন নাও,take care,小心,अपना ध्यान रखना,cuidarse,prends soin de toi
হশিয়ার থাইস,সাবধান থেকো,be careful,当心,ध्यान से,ten cuidado,sois prudent
বলি ইয়া থাইস,ভালো থেকো,stay well,保持健康,अच्छे से रहो,mantente bien,reste bien
হবাবালা অয়া থাইস,সুস্থ থেকো,stay healthy,保持健康,स्वस्थ रहें,mantente saludable,rester en bonne santé
হারৌ অয়া থাইস,হাসিখুশি থাকো,stay happy,保持快乐,प्रसन्न रहें,mantente feliz,reste heureux
হবানেই শ্চিন্তা নাকরি,দুশ্চিন্তা করো না,don't worry,不用担心,चिंता मत करो,no te preocupes,Ne vous inquiétez pas
ডরাই না পেই,ভয় পেও না,don't be afraid,别害怕,डरो मत,no tengas miedo,n'aie pas peur
সাহসহান থ,সাহস রাখো,keep courage,保持勇气,हिम्मत रखो,mantén el coraje,garde courage
বিশ্বাস থ,বিশ্বাস রাখো,keep faith,保持信念,भरोसा रखना,ser fiel,garder la foi
আশা থ,আশা রাখো,keep hope,保持希望,आशा रखो,mantener la esperanza,garder espoir
ধৈর্য ধর,ধৈর্য ধরো,Be patient,要有耐心,धैर्य रखें,Ser paciente,Sois patient
মুরগো ঠান্ডা কর,মাথা ঠান্ডা রাখো,Keep a cool head,保持冷静的头脑,दिमाग ठंडा रखें,Mantén la cabeza fría,Gardez la tête froide
তিকহান সামলা,রাগ সামলাও,Manage your anger,管理你的愤怒,अपने गुस्से पर काबू रखें,Maneja tu ira,Gérez votre colère
হিন না পেইস,কষ্ট পেও না,don't suffer,别受苦,कष्ट मत करो,no sufras,ne souffre pas
মনহান দদা কর,মন শক্ত করো,Make up your mind,下定决心,मन बना लो,Decídete,Décidez-vous
নিজরে সামলা,নিজেকে সামলাও,handle yourself,处理好自己,अपने आप को संभालो,manejate tu mismo,gère-toi
আকখুলাগ নাগৈ,একা না,not alone,不孤单,अकेले नहीं,no solo,pas seul
কাদাৎ আসু,পাশে আছি,I'm next to you,我在你旁边,मैं तुम्हारे बगल में हूँ,estoy a tu lado,je suis à côté de toi
চিন্তা না করি,চিন্তা করো না,don't worry,不用担心,चिंता मत करो,no te preocupes,Ne vous inquiétez pas
হাবি ঠিক অইতই,সব ঠিক হবে,Everything will be fine,一切都会好起来的,सब कुछ ठीक हो जाएगा,todo estará bien,Tout ira bien
সময় লাগতই,সময় লাগবে,It will take time,这需要时间,समय तो लगेगा,Tomará tiempo,Cela prendra du temps
তাপ্প তাপ্প,আস্তে আস্তে,slowly,慢慢地,धीरे से,despacio,lentement
হাতেং হাতেং,ধীরে ধীরে,slowly,慢慢地,धीरे से,despacio,lentement
খানি খানি করিয়া,একটু একটু করে,bit by bit,一点一点,टिल तिल,poco a poco,petit à petit
হাবি হারাপাসু,সব জানি,know everything,知道一切,सब कुछ पता है,saber todo,je sais tout
কিত্তাউ হান না পাসু,কিছু জানি না,don't know anything,什么都不知道,कुछ पता नहीं,no se nada,je ne sais rien
হার পেইলু,বুঝতে পেরেছি,understood,明白了,समझा,comprendido,compris
হার না পেইলু,বুঝিনি,didn't understand,不明白,समझ नहीं आया,no entendí,je n'ai pas compris
সেংকরে মাত,পরিষ্কার বলো,be clear,说清楚,स्पष्ट होना,ser claro,sois clair
উদাহরণ দে,উদাহরণ দাও,Give an example,举个例子,एक उदाहरण दीजिए,dar un ejemplo,Donnez un exemple
দেহাদে,দেখাও,show me,给我看看,मुझे दिखाओ,muéstrame,montre-moi
হিকাদে,শেখাও,teach,教,पढ़ाना,enseñar,enseigner
মাতে দে,বলে দাও,tell me,告诉我,मुझे बताओ,dime,dites-moi
আংকর,জিজ্ঞেস করো,ask,问,पूछना,preguntar,demander
জওয়াপ দে,উত্তর দাও,answer,回答,उत्तर,respuesta,répondre
প্রশ্নহান আংকর,প্রশ্ন করো,ask questions,提出问题,प्रश्न पूछें,hacer las cuestiones,poser des questions
খালকর,ভাবো,think,思考,सोचना,pensar,pense
লেপো,সিদ্ধান্ত নাও,make a decision,做出决定,फैसला लें,tomar una decisión,prendre une décision
বাছিয়া নেগা,বেছে নাও,choose,选择,चुनना,elegir,choisir
এরা দে,ছেড়ে দাও,give up,放弃,छोड़ देना,abandonar,abandonner
নিয়া যাগা,নিয়ে নাও,,拿走它,इसे लें,tómalo,prends-le
থুয়া বেলা,রেখে দাও,leave it,留下它,इसे छोड़ो,déjalo,laisse-le
আলকরে দে,ফিরিয়ে দাও,give it back,把它还给,यह वापस दे,devuélvelo,rends-le
নষ্ট না করি,নষ্ট করো না,don't waste,不要浪费,बर्बाद मत करो,no desperdicies,ne gaspille pas
সংরক্ষণ কর,সংরক্ষণ করো,save,节省,बचाना,ahorrar,sauvegarder
শেয়ার কর,শেয়ার করো,share it,分享它,इसे शेयर करें,Compártelo,Partagez-le
চেইতে দে,দেখতে দাও,let me see,让我看看,मुझे देखने दो,déjeme ver,laissez-moi voir
গিরকর লগে উনা অয়া নুঙেই লাগিল,আপনার সাথে দেখা হয়ে ভালো লাগল,Nice to meet you,很高兴见到你,आपसे मिलकर अच्छा लगा,Encantado de conocerlo,Ravi de vous rencontrer
হবা বিয়ান,শুভ সকাল,good morning,早上好,शुभ प्रभात,buen día,bonjour
হাবা মাদান,শুভ বিকেল,good afternoon,下午好,शुभ दोपहर,buenas tardes,bon après-midi
হবা রাতি,শুভ রাত,good night,晚安,शुभ रात्रि,buenas noches,bonne nuit
আহিক বহিক,আসুন বসুন,let's sit down,我们坐下来,चलो बैठो,sentémonos,asseyons-nous
থাকাত,ধন্যবাদ,thank you,谢谢,धन्यवाद,gracias,merci
গিরকরে স্বাগতম,আপনাকে স্বাগতম,you are welcome,不客气,आपका स्वागत है,de nada,je vous en prie
বারো দেখা অইতয়,আবার দেখা হবে,See you again,再见,फिर मिलेंगे,Nos vemos de nuevo,On se reverra
মি বাংলাদেশেত্ত আহেসুগ,আমি বাংলাদেশ থেকে এসেছি,I am from Bangladesh,我来自孟加拉国,मैं बांग्लादेश से हूं,soy de bangladesh,Je viens du Bangladesh
তি কুরাংত আহেসতগ,আপনি কোথা থেকে এসেছেন,where are you from,你从哪来,आप कहाँ से हैं,de dónde eres,d'où venez-vous
মোর বয়স আককুড়ি দশ,আমার বয়স ত্রিশ বছর,I am thirty years old,我三十岁了,मेरी उम्र तीस साल है,tengo treinta años,j'ai trente ans
তোর বয়স কতি,আপনার বয়স কত,how old are you,你今年多大,आपकी आयु कितनी है,cuántos años tiene,quel âge as-tu
মি মাস্টরগ,আমি একজন শিক্ষক,i am a teacher,我是老师,मैं एक शिक्षक हूं,Yo soy un profesor,Je suis enseignant
তি কী কাম কররগ,আপনি কী কাজ করেন,what do you do,你做什么工作,आप क्या करते हैं,a qué te dedicas,que fais-tu
মি লহঙ করিসু,আমি বিবাহিত,i am married,我结婚了,मैं शादीशुदा हूं,Estoy casado,Je suis marié
মোর মৌসুমারা দুগ,আমার দুটি সন্তান আছে,I have two children,我有两个孩子,मेरे दो बच्चे हैं,tengo dos hijos,j'ai deux enfants
মোর ইমা গারিগ নারিরি,আমার মা অসুস্থ,my mother is sick,我妈妈病了,मेरी मां बीमार है,mi madre esta enferma,ma mère est malade
মোর বাবা খেতুয়ালগ,আমার বাবা কৃষক,My father is a farmer,我的父亲是一名农民,मेरे पिता एक किसान है,mi padre es granjero,Mon père est agriculteur
মোর বেয়ক টাউনে থার,পরিবার,the family,家人,परिवार,la familia,la famille
মোর বনক লেইরিক তামকরিরি,আমার বোন পড়াশোনা করছে,My sister is studying,我妹妹正在读书,मेरी बहन पढ़ रही है,mi hermana esta estudiando,Ma sœur étudie
আমার গরে পাচগ মানু,আমাদের পরিবারে পাঁচজন সদস্য,There are five members in our family,我们家有五口人,हमारे परिवार में पांच सदस्य हैं,Hay cinco miembros en nuestra familia.,Il y a cinq membres dans notre famille
মোর হেয়ক ব্যবসায়ীগ,আমার স্বামী ব্যবসায়ী,My husband is a businessman,我的丈夫是一名商人,मेरे पति एक बिजनेसमैन हैं,mi marido es un hombre de negocios,Mon mari est un homme d'affaires
মোর মইলক গৃহিনীগ,আমার স্ত্রী গৃহিণী,My wife is a housewife,我的妻子是一名家庭主妇,मेरी पत्नी एक गृहिणी है,mi esposa es ama de casa,Ma femme est femme au foyer
মোর পিতক স্কুলে যারগা,পরিবার,the family,家人,परिवार,la familia,la famille
মোর জিলক নিয়াম মেধাবী,আমার মেয়ে অনেক মেধাবী,My daughter is very talented,我的女儿非常有才华,मेरी बेटी बहुत प्रतिभाशाली है,mi hija es muy talentosa,Ma fille est très talentueuse
মোর বপা-দাঙ্গ গাঙে থাইতারা,আমার দাদা-দাদি গ্রামে থাকেন,My grandparents live in the village,我的祖父母住在村里,मेरे दादा-दादी गाँव में रहते हैं,Mis abuelos viven en el pueblo.,Mes grands-parents habitent au village
এবকা কয়টা বাজের,এখন কয়টা বাজে,what time is it now,现在几点了,अब समय क्या है,¿Qué hora es ahora?,quelle heure est-il maintenant
এবাকা বিয়ান আটটা বাজের,এখন সকাল আটটা বাজে,It is eight o'clock in the morning,现在是早上八点,सुबह के आठ बजे हैं,Son las ocho de la mañana,Il est huit heures du matin
আজি কী বার,সময়,the time,时间,समय,el tiempo,le temps
আজি সোমবার,আজকে সোমবার,Today is Monday,今天是星期一,आज सोमवार हे,Hoy es lunes,C'est lundi aujourd'hui
আজি কয় তারিখ,আজকে কত তারিখ,what date is today,今天是什么日期,क्या तिथि है आज,que fecha es hoy,quelle date est aujourd'hui
আজি পয়লা জানুয়ারি,আজকে পহেলা জানুয়ারি,Today is the first of January,今天是一月一号,आज पहली जनवरी है,Hoy es primero de enero.,Aujourd'hui c'est le premier janvier
মি কারি আহিতৌ,আমি কাল আসব,i will come tomorrow,我明天来,मैं कल आउंगा,vendré mañana,je viendrai demain
গেলগাকাকিবরন দিয়াসিল,গতকাল বৃষ্টি হয়েছিল,It rained yesterday,昨天下雨了,कल बारिश हुई,Ayer llovió,Il a plu hier
পৌরু মোর পরীক্ষা,পরশু আমার পরীক্ষা,I have an exam tomorrow,我明天有考试,कल मेरा एग्जाम हे,tengo un examen mañana,j'ai un examen demain
এরে মাহা এহাত পুজা,এই মাসে পূজা আছে,There is puja in this month,这个月有法会,इस महीने में पूजा होती है,Hay puja en este mes.,Il y a une puja ce mois-ci
তি কুরাং যারাগ,আপনি কোথায় যাচ্ছেন,where are you going,你要去哪里,आप कहां जा रहे हैं,¿adónde vas?,où vas-tu
মি বাজারে যাউরিগা,আমি বাজারে যাচ্ছি,I am going to the market,我要去市场,मैं बाजार के लिए जा रहा हूँ,voy al mercado,je vais au marché
হাসাপাতলগ কুরাং,হাসপাতাল কোথায়,where is the hospital,医院在哪里,अस्पताल कहां है,donde esta el hospital,où est l'hôpital
বাতেদে যাগা থাংনাৎ বিঙেদে,ডানে যান তারপর বাঁয়ে,Go right then left,向右走然后向左走,दाएँ जाओ फिर बाएँ,Ve a la derecha y luego a la izquierda.,Allez à droite puis à gauche
এহাত্ত কতিহান দুরেই,এখান থেকে কত দূর,how far from here,离这里有多远,यहाँ से कितनी दूर,¿Qué tan lejos de aquí?,à quelle distance d'ici
স্কুল এগ মুংহাত আছে,স্কুলটা সামনেই আছে,The school is in front,学校就在前面,स्कूल सामने है,la escuela esta enfrente,L'école est devant
মি পথহান পাহুরে বেললু,আমি রাস্তা হারিয়ে ফেলেছি,I've lost my way,我迷路了,मैं अपना रास्ता भूल गया हूं,Estoy perdido,J'ai perdu mon chemin
ঠিকানা এহান কুরাং,এই ঠিকানাটা কোথায়,Where is this address?,这个地址在哪里？,यह पता कहां है?,¿Dónde está esta dirección?,Où est cette adresse ?
কাদাহাৎ কোনো হজকর দোকান আসেতা,কাছে কোনো ওষুধের দোকান আছে,Is there a drug store nearby?,附近有药店吗？,क्या पास में कोई दवा की दुकान है?,¿Hay una farmacia cerca?,Y a-t-il une pharmacie à proximité ?
তি কিতা খেইতেইগ,আপনি কী খাবেন,what do you eat,你吃什么,आप क्या खाते हैं,que comes,qu'est-ce que tu manges
মি ভাত খেইতৌ,আমি ভাত খাব,I will eat rice,我会吃米饭,मैं चावल खाऊंगा,comeré arroz,je mangerai du riz
তি ভাত বপার থাং,আপনার কি ক্ষুধা লেগেছে,are you hungry,你饿了吗,क्या आप भूखे हैं?,tienes hambre,avez-vous faim
মি এবাকা খানা নুয়ারিম,আমি এখন খেতে পারব না,I can't eat now,我现在吃不下饭,मैं अब नहीं खा सकता,no puedo comer ahora,Je ne peux pas manger maintenant
এরে হৌ এতা নিয়ামপারা হুয়াত,এই তরকারিটা অনেক সুস্বাদু,This curry is very tasty,这个咖喱很好吃,यह करी बहुत स्वादिष्ट होती है,Este curry es muy sabroso,Ce curry est très savoureux
পানি দে,পানি দিন,give water,给水,पानी दो,dar agua,donner de l'eau
মি মাছ হাদা পাউরি,আমি মাছ পছন্দ করি,i like fish,我喜欢鱼,मैं मछली पसंद करता हूं,me gusta el pescado,j'aime le poisson
আজিকা কুঙ্গই রাদেসেগ,আজকে রান্না কে করেছে,Who cooked today?,今天谁做饭？,आज किसने खाना बनाया?,¿Quién cocinó hoy?,Qui a cuisiné aujourd'hui ?
চা হংকরতেইগ,চা বানাবেন,make tea,泡茶,चाय बनाएं,hacer té,faire du thé
মিষ্টি আন,মিষ্টি আনো,bring sweet,带来甜蜜,मिठाई लाओ,traer dulce,apporter du sucré
এহার দাম কতি,এটার দাম কত,How much does it cost?,它要多少钱？,इसकी कीमत कितनी होती है?,¿Cuánto cuesta?,Combien ça coûte?
খানি কমিয়া দে,একটু কমে দিন,Reduce it a bit,减少一点,इसे थोड़ा कम करें,reducirlo un poco,Réduisez-le un peu
মি এহান লইতৌ,আমি এটা কিনব,i will buy it,我会买它,मैं इसे खरीदूंगा,lo compraré,je vais l'acheter
আরাকখানি দেখাদে,আরেকটু দেখান,Show me some more,再给我看一些,मुझे कुछ और दिखाओ,Muéstrame un poco más,Montre-moi un peu plus
এহান হবা নাসে,এটা ভালো না,It's not good,这不好,अच्छी बात नहीँ हे,no es bueno,Ce n'est pas bon
হাবিয়ে কতি অইলতা,মোট কত হলো,How much is the total?,总共多少钱？,कुल कितना हुआ?,¿Cuánto es el total?,Quelle est l'addition?
ভাংতি আসেগ,ভাংতি আছে,There is variation,有变异,भिन्नता है,hay variación,Il y a des variations
রাসিদহান দে,বাজার,the market,市场,बाजार,el mercado,le marché
এহান কি তাজা,এটা কি তাজা,Is it fresh?,新鲜吗？,क्या यह ताज़ा है?,¿Está fresco?,Est-ce frais ?
আলু কেজি আহান দে,এক কেজি আলু দিন,Add one kg of potatoes,添加一公斤土豆,एक किलो आलू डालें,Añade un kg de patatas.,Ajouter un kg de pommes de terre
মোরতা মুরগ কামারার,আমার মাথা ব্যথা করছে,I have a headache,我头疼,मुझे सिर दर्द है,Me duele la cabeza,J'ai mal à la tête
তাপ হান আহিসে,জ্বর এসেছে,Fever has arrived,发烧已经到来,बुखार आ गया है,ha llegado la fiebre,La fièvre est arrivée
ডাক্তর দেখাদেনা লাগতৈ,ডাক্তার দেখাতে হবে,Must see a doctor,必须去看医生,डॉक्टर को अवश्य दिखाएं,Debe ver a un medico,Il faut voir un médecin
এরে হজক এতা কুমবাকা খানা,এই ওষুধটা কখন খেতে হবে,When to take this medicine,何时服用此药,यह दवा कब लेनी है,Cuando tomar este medicamento,Quand prendre ce médicament
মোরতা জবর দুর্বল লাগের,আমি অনেক দুর্বল লাগছি,I feel so weak,我感觉很虚弱,मैं बहुत कमजोर महसूस करता हूं,me siento tan débil,je me sens si faible
রকত পরীক্ষা করানি লাগতৈ,রক্ত পরীক্ষা করাতে হবে,Blood test should be done,应该进行血液检查,खून की जांच करानी चाहिए,Se debe hacer un análisis de sangre.,Une prise de sang doit être faite
পেটগ কামারার,স্বাস্থ্য,health,健康,स्वास्थ्य,salud,santé
হাসপাতালে ভর্তি অনা লাগের,হাসপাতালে ভর্তি করতে হবে,Must be admitted to hospital,必须入院治疗,अस्पताल में भर्ती होना चाहिए,Debe ser ingresado en el hospital.,Doit être admis à l'hôpital
মোরতা ডায়াবেটিস আছে,আমার ডায়াবেটিস আছে,I have diabetes,我患有糖尿病,मुझे मधुमेह है,tengo diabetes,j'ai du diabète
হারদিন ব্যায়াম করিক,প্রতিদিন ব্যায়াম করুন,Exercise every day,每天锻炼身体,हर दिन व्यायाम,Haga ejercicio todos los días,Faites de l'exercice tous les jours
তি কোন ক্লাশে তামকরর,তুমি কোন ক্লাসে পড়,What class are you in?,你在哪个班？,आप किस वर्ग मे हैं?,¿En qué clase estás?,Dans quelle classe es-tu ?
মি ক্লশ টেনে তামকরৌরি,আমি দশম শ্রেণিতে পড়ি,I study in 10th standard,我学习第十个标准,मैं 10वीं कक्षा में पढ़ता हूं,estudio en décimo estándar,J'étudie en 10ème norme
পলীক্ষা কুমবাকা,পরীক্ষা কবে,when is the exam,什么时候考试,परीक्षा कब है,cuando es el examen,quand est l'examen
লেরিক অহান পাকরলেগ,বইটা পড়েছ,read the book,读这本书,किताब पढ़ें,lee el libro,lire le livre
মাস্টর লাগতৈ,গৃহশিক্ষক লাগবে,Need a tutor,需要导师,एक शिक्षक की आवश्यकता है,Necesito un tutor,Besoin d'un tuteur
ফল কুমবাকা নিকুলতইগ,ফলাফল কবে দেবে,When will the result be given?,什么时候给出结果？,रिजल्ट कब आएगा?,¿Cuándo se dará el resultado?,Quand le résultat sera-t-il donné ?
বিশ্ববিদ্যালয়ে ভর্তি অনা আহের,বিশ্ববিদ্যালয়ে ভর্তি হতে চাই,I want to get admission in university,我想被大学录取,मैं यूनिवर्सिटी में दाखिला लेना चाहता हूं,quiero ser admitido en la universidad,Je veux être admis à l'université
অংক এহান হারপা নারলু,অঙ্কটা বুঝতে পারছি না,I don't understand the number,我不明白这个数字,मुझे संख्या समझ नहीं आ रही है,no entiendo el numero,je ne comprends pas le numéro
তামকরানির লেইরকি কুরাং পানা,পাঠ্যবই কোথায় পাব,Where can I get the textbook?,我在哪里可以获得教科书？,मुझे पाठ्यपुस्तक कहां मिल सकती है?,¿Dónde puedo conseguir el libro de texto?,Où puis-je me procurer le manuel ?
আজি ক্লাস বন্ধ,আজ ক্লাস বন্ধ,Class is closed today,今天停课,आज क्लास बंद है,La clase está cerrada hoy.,La classe est fermée aujourd'hui
আজি নিয়াম গরম,আজকে অনেক গরম,It's very hot today,今天很热,आज बहुत गर्मी है,hace mucho calor hoy,Il fait très chaud aujourd'hui
বরন দের,বৃষ্টি হচ্ছে,it's raining,下雨了,बारिश हो रही है,Está lloviendo,Il pleut
পে হান নেগা,ছাতা নিয়ে যাও,take an umbrella,带把伞,एक छाता ले लो,toma un paraguas,prends un parapluie
জারগান পরিসে,শীত পড়েছে,It's winter,现在是冬天,शीत ऋतु चल रही है,es invierno,C'est l'hiver
দিনহান মেগালা,আকাশ মেঘলা,The sky is cloudy,天空多云,आसमान में बादल छाए हुए हैं,el cielo esta nublado,Le ciel est nuageux
রেলিগ নিকুলের,রোদ উঠেছে,the sun is up,太阳升起来了,सूरज उग आया है,el sol ha salido,le soleil est levé
বৌবরন আহের,ঝড় আসছে তৌ,The storm is coming,暴风雨即将来临,तूफ़ान आ रहा है,la tormenta esta llegando,La tempête arrive
আজিকা ঠান্ডা ইসে,আজ বেশ ঠান্ডা,It's quite cold today,今天天气很冷,आज काफ़ी ठंड है,hace bastante frio hoy,Il fait assez froid aujourd'hui
উম ফুতি পিদ,গরম কাপড় পরো,Wear warm clothes,穿暖和的衣服,गर्म कपड़े पहनें,Use ropa abrigada,Portez des vêtements chauds
গোলাহার পানি বাড়ের,বন্যার পানি বাড়ছে,Flood water is rising,洪水水位正在上涨,बाढ़ का पानी बढ़ रहा है,El agua de las inundaciones está aumentando,Les eaux de crue montent
মি আজিয়েই আহিতৌ,আমি আজই আসব,I will come today,我今天就来,मैं आज आऊंगा,vendré hoy,je viendrai aujourd'hui
মি কালি আহিতৌ,আমি কাল আসব,i will come tomorrow,我明天来,मैं कल आउंगा,vendré mañana,je viendrai demain
মি এবাকা ব্যস্ত,আমি এখন ব্যস্ত,I am busy now,我现在很忙,मेँ अभी व्यस्त हूँ,estoy ocupado ahora,je suis occupé maintenant
মি পিসে মাততৌ,আমি পরে কথা বলব,I will talk later,我稍后再说,मैं बाद में बात करूंगा,hablaré más tarde,je parlerai plus tard
তি কুরাং থারগো,তুমি কোথায় আছ,where are you,你在哪,आप कहां हैं,dónde estás,où es-tu
তি কিতা কররগো,তুমি কী করছ,what are you doing,你在干什么,आप क्या कर रहे हो,qué estás haciendo,que fais-tu
তি ব্যস্ত অসতগো,তুমি কি ব্যস্ত,are you busy,你忙吗,क्या आप व्यस्त हैं,estás ocupado,es-tu occupé
তি ফ্রি আসতগো,তুমি কি ফাঁকা আছ,are you free,你有空吗,क्या तुम आज़ाद हो,Estás libre,êtes-vous libre
মি তোরকা বাসেয়া আসু,আমি তোমার জন্য অপেক্ষা করছি,i am waiting for you,我在等你,मेरे द्वारा आपकी प्रतीक्षा की जा रही है,estoy esperándote,je vous attends
তি আহে পারতেইগো,তুমি কি আসতে পারবে,can you come,你能来吗,क्या आप आ सकते हैं,¿puedes venir?,peux-tu venir
মি আহে নুয়ারিম,আমি আসতে পারব না,i can't come,我不能来,में नही आ,no puedo venir,je ne peux pas venir
মি হৎনা করতৌ,আমি চেষ্টা করব,i will try,我会尝试,मैं कोशिश करूँगा,intentaré,j'essaierai
কোনো সমস্যা নেই,কোনো সমস্যা নেই,No problem,没问题,कोई बात नहीं,Ningún problema,Aucun problème
চিন্তা না করি,চিন্তা করো না,don't worry,不用担心,चिंता मत करो,no te preocupes,Ne vous inquiétez pas
হাবি ঠিক অইতই,সব ঠিক হয়ে যাবে,Everything will be fine,一切都会好起来的,सब कुछ ठीक हो जाएगा,todo estará bien,Tout ira bien
তোর দিনহান কিসারে গেলগা,তোমার দিন কেমন গেল,how was your day,你今天过得怎么样,आपका दिन कैसा रहा,cómo estuvo su día,comment s'est passée ta journée
আজি তোর কিতা পরিকল্পনা,আজ তোমার কী পরিকল্পনা,What are your plans today?,今天你有什么计划？,आपकी आज क्या योजना है?,¿Cuáles son tus planes hoy?,Quels sont vos projets aujourd'hui ?
মি তোরে মিস কররি,আমি তোমাকে মিস করছি,i miss you,我想你,आपकी याद आ रही है,Te extraño,tu me manques
মি তোরে বানা পাউরি,আমি তোমাকে ভালোবাসি,i love you,我爱你,मुझे तुमसे प्यार है,te amo,Je vous aime
মিয়ৌ তোরে বানা পাউরি,আমিও তোমাকে ভালোবাসি,i love you too,我也爱你,मैं भी आपसे प्यार करता हूँ,yo también te amo,je t'aime aussi
মি তোর কথা খালকরৌরি,আমি তোমার কথা ভাবছি,I'm thinking about you,我在想你,मैं तुम्हारे बारे में सोच रहा हूँ,estoy pensando en ti,je pense à toi
তি মোরে হুনরগো,তুমি কি আমাকে শুনতে পাচ্ছ,can you hear me,你能听到我吗,क्या आप मुझे सुन सकते हैं,Puedes oírme,pouvez-vous m'entendre
মি তোরে হুনুরি,আমি তোমাকে শুনতে পাচ্ছি,i can hear you,我能听到你的声音,मैं आपको सुन सकता हूँ,puedo escucharte,je peux t'entendre
ইন্টারনেট কাম না করের,ইন্টারনেট কাজ করছে না,Internet is not working,互联网无法使用,इंटरनेट काम नहीं कर रहा है,Internet no funciona,Internet ne fonctionne pas
ফোনর চার্জ লমইল,ফোনের চার্জ শেষ,The phone is out of charge,手机没电了,फ़ोन चार्ज से बाहर है,El teléfono está sin carga,Le téléphone est déchargé
মোর ফোনহান জিপ বলগা,আমার ফোন বন্ধ হয়ে গেছে,My phone is switched off,我的手机已关机,मेरा फ़ोन बंद है,mi telefono esta apagado,Mon téléphone est éteint
খানি বাসা,একটু অপেক্ষা কর,wait a minute,等一下,ज़रा ठहरिये,espera un minuto,attends une minute
মি পথহাৎ আসু,আমি পথে আছি,i'm on the way,我正在路上,मैं रास्ते में हूं,estoy en camino,je suis en route
মি থুঙো পরলুগা,আমি পৌঁছে গেছি,i have arrived,我已经到了,हम आ चुके हैं,he llegado,je suis arrivé
তি কুম্বাকা থুঙিতেইগো,তুমি কখন পৌঁছাবে,when will you arrive,你什么时候到,तुम कब आओगे,cuando llegarás,quand arriveras-tu
মি খানি ডিল করতৌ,আমি একটু দেরি করব,I will be a little late,我会晚一点,मुझे थोड़ा देर हो जाएगी,llegaré un poco tarde,je serai un peu en retard
মি বারে আসু,আমি বাইরে আছি,i'm out,我出去了,मैं बाहर हूं,estoy fuera,je suis sorti
মি গরে আসু,আমি বাসায় আছি,i am at home,我在家里,मैं घर में हु,estoy en casa,je suis à la maison
মি অফিসে আসু,আমি অফিসে আছি,I am in the office,我在办公室,मैं ऑफिस में हूं,estoy en la oficina,je suis au bureau
মি স্কুলে আসু,আমি স্কুলে আছি,i am at school,我在学校,मैं स्कूल में हूं,estoy en la escuela,je suis à l'école
মি বিশ্ববিদ্যালয়ে আসু,আমি বিশ্ববিদ্যালয়ে আছি,i am in university,我在大学,मैं विश्वविद्यालय में हूँ,estoy en la universidad,je suis à l'université
আজি নিয়াম গরম,আজ খুব গরম,Today is very hot,今天很热,आज बहुत गर्मी है,hoy hace mucho calor,Aujourd'hui il fait très chaud
আজিকা ঠান্ডা ইসে,আজ খুব ঠান্ডা,It's very cold today,今天很冷,आज बहुत ठंड है,hace mucho frio hoy,Il fait très froid aujourd'hui
আজি আবহাওয়াহান হবা,আজ আবহাওয়া সুন্দর,The weather is nice today,今天天气很好,आज मौसम अच्छा है,El clima esta agradable hoy,Il fait beau aujourd'hui
বরন দিতে পারে,বৃষ্টি হতে পারে,It may rain,可能会下雨,बारिश हो सकती है,puede llover,Il peut pleuvoir
পে হান নেগা,ছাতা নিয়ে যাও,take an umbrella,带把伞,एक छाता ले लो,toma un paraguas,prends un parapluie
দুয়ারহান গাৎ,দরজা বন্ধ কর,close the door,关门,दरवाज़ा बंद कर दो,Cierre la puerta,ferme la porte
খিলকিহান আংকর,জানালাটা খুলে দাও,Open the window,打开窗户,खिड़की खोलो,abre la ventana,Ouvre la fenêtre
থমেইগ নিবা,লাইটটা বন্ধ কর,Turn off the light,关掉灯,बत्ती बंद करें,Apagar la luz,Éteignez la lumière
পাখাহান চালা,পাখাটা চালাও,Run the fan,运行风扇,पंखा चलाओ,enciende el ventilador,Faites fonctionner le ventilateur
এসিহান চালা,এয়ার কন্ডিশনার চালাও,Run the air conditioner,运行空调,एयर कंडीशनर चलाएँ,Enciende el aire acondicionado,Faites fonctionner le climatiseur
টিভিহান জিপা,টিভিটা বন্ধ কর,turn off the tv,关掉电视,टीवी बंद करो,apaga la televisión,éteindre la télé
এলাহান খানি আতকরে চালা,গানটা একটু জোরে চালাও,Play the song a little louder,把歌曲放大声一点,गाना थोड़ा तेज़ बजाओ,Pon la canción un poco más fuerte.,Joue la chanson un peu plus fort
শব্দহান কমা,শব্দটা কমাও,Reduce the noise,降低噪音,शोर कम करें,Reducir el ruido,Réduire le bruit
তি ভাত বপার থাং,তুমি কি ক্ষুধার্ত,are you hungry,你饿了吗,क्या आप भूखे हैं?,tienes hambre,avez-vous faim
আয় বেলিটিকর খাওন খেইক,চলো দুপুরের খাবার খাই,Let's have lunch,我们吃午饭吧,चलो दोपहर का भोजन करते हैं,vamos a almorzar,Allons déjeuner
আয় রাতিকার খাওন খেইক,চলো রাতের খাবার খাই,Let's have dinner,我们吃晚饭吧,चलो खाना खा लो,vamos a cenar,Allons dîner
মি রাদৌরি,আমি রান্না করছি,i am cooking,我正在做饭,मैं खाना पका रही हूँ,estoy cocinando,je cuisine
আরতা কিত্তাউ লাগতৈগো,আর কিছু লাগবে,Something else is needed,还需要其他东西,कुछ और चाहिए,Se necesita algo más,Il faut autre chose
মি পানি চাউরি,আমি পানি চাই,i want water,我想要水,मुझे पानी चाहिए,quiero agua,je veux de l'eau
মোরে কাপ আহান চা দে,আমাকে এক কাপ চা দাও,give me a cup of tea,给我一杯茶,मुझे एक कप चाय दो,dame una taza de té,donne-moi une tasse de thé
মোরে কাপ আহান কফি দে,আমাকে এক কাপ কফি দাও,Give me a cup of coffee,给我一杯咖啡,मुझे एक कप कॉफ़ी दो,Dame una taza de cafe,Donne-moi une tasse de café
মি ভাত খেইতৌ,আমি ভাত খাব,I will eat rice,我会吃米饭,मैं चावल खाऊंगा,comeré arroz,je mangerai du riz
মি রুটি খেইতৌ,আমি রুটি খাব,i will eat bread,我会吃面包,मैं रोटी खाऊंगा,comeré pan,je mangerai du pain
মি ফল খাইতে চাউরি,আমি ফল খেতে চাই,I want to eat fruit,我想吃水果,मैं फल खाना चाहता हूँ,quiero comer fruta,je veux manger des fruits
মি মাংস না খাউরি,আমি মাংস খাই না,I don't eat meat,我不吃肉,मैं मांस नहीं खाता,no como carne,je ne mange pas de viande
মি মাছ হাদা পাউরি,আমি মাছ পছন্দ করি,i like fish,我喜欢鱼,मैं मछली पसंद करता हूं,me gusta el pescado,j'aime le poisson
মি মিষ্টি হাদা পাউরি,আমি মিষ্টি পছন্দ করি,I like sweets,我喜欢甜食,मुझे मिठाइयाँ पसंद है,me gustan los dulces,j'aime les sucreries
এহান নিয়ামপারা হুয়াত,এটা খুব সুস্বাদু,It is very tasty,非常好吃,ये बहुत ही स्वादिष्ट होता है,es muy sabroso,C'est très savoureux
এহান মোরতা হবা না লাগিল,এটা আমার ভালো লাগেনি,I didn't like it,我不喜欢它,मुझे यह पसंद नहीं आया,no me gustó,Je n'ai pas aimé
আরাকখানি দে,আরেকটু দাও,give me some more,再给我一些,मुझे कुछ और दो,dame un poco más,donne-m'en un peu plus
এহানই যথেষ্ট,এটাই যথেষ্ট,That is enough,这就够了,वह पर्याप्त है,eso es suficiente,C'est assez
বিলহান দে,বিলটা দিন,pay the bill,付帐,बिल का भुगतान करें,pagar la factura,payer la facture
ভাংতি আসেগ,খুচরা আছে,There is retail,有零售,खुदरा है,hay venta al por menor,Il y a du commerce de détail
মোর কাদাত নগদ নাই,আমার কাছে নগদ নেই,I don't have cash,我没有现金,मेरे पास नकदी नहीं है,no tengo efectivo,je n'ai pas d'argent liquide
মি মোবাইল ব্যাংকিংএ পরিশোধ করতৌ,আমি মোবাইল ব্যাংকিংয়ে পরিশোধ করব,I will pay in mobile banking,我将通过手机银行付款,मैं मोबाइल बैंकिंग में भुगतान करूंगा,Pagaré en banca móvil,Je paierai via les services bancaires mobiles
এহানদে বহ,এখানে বসুন,sit here,坐在这里,यहाँ बैठो,siéntate aquí,asseyez-vous ici
ওহানদে যাগা,ওখানে যান,go there,去那里,वहाँ जाएँ,ve allí,allez-y
এগদে আয়,এদিকে আসুন,Come here,来这里,यहाँ आओ,Ven aquí,Venez ici
অহানদে চা,ওদিকে তাকান,Look over there,看看那边,उधर देखो,mira hacia allá,Regarde là-bas
মোরে অনুসরণ কর,আমাকে অনুসরণ করুন,follow me,跟我来,मेरे पीछे आओ,sígueme,suis-moi
মি তোরে সাহায্য করতৌ,আমি আপনাকে সাহায্য করব,i will help you,我会帮助你,मैं आपकी मदद करूँगा,te ayudaré,je vais t'aider
তি মোরে হারপা পাররগো,আপনি কি আমাকে বুঝতে পারছেন,do you understand me,你了解我吗,क्या आप मुझे समझते हैं,¿me entiendes?,est-ce que tu me comprends
মি বারো মাতরাং,আমি আবার বলছি,I say again,我再说一遍,मैं फिर कहता हूं,digo de nuevo,je le répète
খানি তাপ্প মাত,একটু ধীরে বলুন,Speak slowly,慢慢地说,धीरे बोलो,habla despacio,Parlez lentement
আরেকমাউ মাত,আরেকবার বলুন,say it again,再说一遍,फिर से कहना,dilo de nuevo,dis-le encore
মি শিচ্চিল নাগই,আমি নিশ্চিত নই,I'm not sure,我不知道,मुझे यकीन नहीं है,No estoy seguro,Je ne suis pas sûr
মোরতা অহানই মনে অর,আমার তাই মনে হয়,I think so,我想是的,मुझे भी ऐसा ही लगता है,Creo que sí,Je pense que oui
হয়তো চুমহান মাতেসে,হয়তো ঠিক বলেছেন,Maybe he is right,也许他是对的,शायद वह सही है,Tal vez tenga razón,Peut-être qu'il a raison
মি একমত,আমি একমত,i agree,我同意,मैं सहमत हूं,estoy de acuerdo,je suis d'accord
মি একমত নাগই,আমি একমত নই,I don't agree,我不同意,मैं सहमत नहीं हूं,no estoy de acuerdo,je ne suis pas d'accord
এহান নিয়াম গুরুত্বপূর্ণ,এটা খুব গুরুত্বপূর্ণ,It is very important,这非常重要,बहुत जरुरी है,es muy importante,C'est très important
এহান জরুরি,এটা জরুরি,It is important,这很重要,क्या यह महत्वपूर्ण है,es importante,C'est important
এবাকাই আয়,এখনই আসুন,come now,现在来,अब आ जाओ,Vamos,viens maintenant
পিসে দেখা অইতৈ,পরে দেখা হবে,See you later,稍后见,बाद में मिलते हैं,Hasta luego,À plus tard
শুভকামনা রইল,শুভকামনা রইল,Good luck,祝你好运,आपको कामयाबी मिले,Buena suerte,Bonne chance
হশিয়ার অয়া যাগা,সাবধানে যাবেন,Be careful,当心,ध्यान से,Ten cuidado,Sois prudent
নিরাপদে থুঙিসগা,নিরাপদে পৌঁছান,Arrive safely,安全抵达,सुरक्षित पहुंचें,Llega sano y salvo,Arrivez en toute sécurité
হবা করিয়া বিশ্রাম নেগা,ভালো করে বিশ্রাম নিন,Rest well,好好休息,अच्छी तरह से आराम करें,Descansa bien,Repose-toi bien
চালাক্করে হবাবালা অইক,শীঘ্রই সুস্থ হয়ে উঠুন,Get well soon,快点好起来,जल्द स्वस्थ हो जाओ,Que te mejores pronto,Bon rétablissement
তোর দিন এহান হাবাবালা অক,আপনার দিনটি সুন্দর হোক,Have a nice day,祝你今天过得愉快,आपका दिन शुभ हो,Que tenga un lindo día,Passe une bonne journée
বারো দেখা অইতয়,আবার দেখা হবে,See you again,再见,फिर मिलेंगे,Nos vemos de nuevo,On se reverra
তি হবা,তুমি সুন্দর,you are beautiful,你很美丽,तुम सुंदर हो,eres hermoso,tu es belle
নুঙি অসে,ভাল লাগে,likes,喜欢,पसंद है,gustos,goûts
বলি ইয়া আসত?,ভাল আছো?,are you well,你还好吗,क्या आप ठीक हैं,¿Estás bien?,tu vas bien
কুম্পাগা আহিতেই?,কবে আসবে?,When will it come?,什么时候会来？,कब आयेगा?,¿Cuándo llegará?,Quand est-ce que ça viendra ?
এপাগা বারে বরন দের,ঘরে যানা দিলুইতই।,It is easy to go home.,回家很容易。,घर जाना आसान है.,Es fácil volver a casa.,Il est facile de rentrer à la maison.
বরনহান খামুইলে যিতাঙাইগা।,বৃষ্টি থামলে আমরা যাব।,We will go when the rain stops.,等雨停了我们就走。,जब बारिश रुकेगी तब हम जायेंगे.,Iremos cuando deje de llover.,Nous partirons quand la pluie cessera.
গরে যিকগা,রাতিহান দিলুইল,Ratihan Diluil,拉蒂汉·迪鲁伊,रतिहान दिलुइल,Ratihan Diluil,Ratihan Diluil
রেইনকোটহান লাগিয়া গেলেগাতে ইকরেরনাই।,রেইনকোট লাগিয়ে গেলেই তো হয়।,Just put on a raincoat.,只要穿上雨衣就可以了。,बस एक रेनकोट पहन लो.,Sólo ponte un impermeable.,Mettez simplement un imperméable.
ইকরের হায়।,সেটাও হয়।,That happens too.,这种情况也会发生。,ऐसा भी होता है.,Eso también sucede.,Cela arrive aussi.
রেইনকোটহান খুলিয়া পিদানি আলিহান লাগের।,রেইনকোট খোলে লাগানো আলসে লাগে।,The raincoat is easy to put on.,雨衣很容易穿上。,रेनकोट पहनना आसान है।,El impermeable es fácil de poner.,L'imperméable est facile à enfiler.
আজিকার ফাইনাল হাত স্পেন জিঙতাই,আজকের ফাইনালে স্পেন জিতবে,Spain will win today's final,西班牙将赢得今天的决赛,आज का फाइनल स्पेन जीतेगा,España ganará la final de hoy,L'Espagne remportera la finale d'aujourd'hui
রেইনকোটহান খুল লাগা তেম্মাউ গিয়া কারানি বেরাবেরি অর।,রেইনকোট খোল লাগাউ আবার গিয়ে খোল ঝামেলা হয়।,The raincoat is open again and there is trouble.,雨衣又打开了，麻烦来了。,रेनकोट फिर खुल गया और परेशानी हो गई।,El impermeable se abre de nuevo y hay problemas.,L'imperméable est à nouveau ouvert et il y a des problèmes.
চুমিছে বাবা তি বরনহান বাসিয়া বহিয়া থাক অহাত্তে।,ঠিক আছে বাবা তুমি বৃষ্টির শেষ হওয়া দেখে বসে অপেক্ষা করো তাহলে।,"Ok dad, you sit and wait for the rain to end.",好吧，爸爸，你坐着等雨停吧。,"ठीक है पिताजी, आप बैठें और बारिश ख़त्म होने का इंतज़ार करें।","Ok papá, siéntate y espera a que termine la lluvia.","Ok papa, tu t'assois et tu attends que la pluie cesse."
বহ চা পি।,বসো চা খাও।,sit down and have tea,坐下来喝茶,बैठो और चाय पीयो,siéntate y toma té,assieds-toi et prends le thé
না খানি আগে পিলুগহে।,না একটু আগে খেয়েছি।,"No, I ate a while ago.",没有啊，我前阵子吃过饭了。,"नहीं, मैंने कुछ देर पहले खाया।","No, comí hace un rato.","Non, j'ai mangé il y a quelque temps."
এপাগা আরতা চা পিনা নাহের।,এখন আর চা পান করতে ইচ্ছে করছে না।,I don't want to drink tea anymore.,我不想再喝茶了。,मैं अब चाय नहीं पीना चाहता.,Ya no quiero tomar té.,Je ne veux plus boire de thé.
খানি থায়া ঘরে গিয়া ভাত খেইতউগাগো।,একটু পরে বাড়ি গিয়ে ভাত খাব।,After a while I will go home and eat rice.,过一会儿我就回家吃米饭了。,थोड़ी देर बाद घर जाकर चावल खाऊंगा.,Después de un tiempo volveré a casa y comeré arroz.,"Au bout d'un moment, je rentrerai chez moi et mangerai du riz."
এপাগা আরতা চা পিনা নাহের।,এখন আর চা খেতে ইচ্ছে করছে না।,I don't want to drink tea anymore.,我不想再喝茶了。,मैं अब चाय नहीं पीना चाहता.,Ya no quiero tomar té.,Je ne veux plus boire de thé.
হায় দে যিতেইগানাই।,ঠিক আছে যাবে তো।,"OK, let's go.",好的，我们走吧。,ठीक चलो चलते हैं।,"Bien, vámonos.","OK, allons-y."
খানি বহ উয়ারি দিক।,একটু বসো গল্প করি।,Let's sit down and talk.,我们坐下来谈谈吧。,चलो बैठो और बात करो.,Sentémonos y hablemos.,Asseyons-nous et parlons.
না হে আরাক আকদিন বহিয়া ওয়ারি দিতাঙাইনাই।,না আর একদিন বসে গল্প করব।,"No, I will sit and talk one more day.",不，改天我再坐下来谈谈。,"नहीं, एक दिन और बैठ कर बात करूंगा.","No, me sentaré y hablaré un día más.","Non, je vais m'asseoir et parler un jour de plus."
এপাগা যানা লাগের।,এখন যেতে হবে।,must go now,现在必须走了,अब जाना चाहिए,debe irse ahora,je dois y aller maintenant
বাবারো খানি বহিলে মহাভারতহাত অশুদ্ধ নাইব।,বাবারে একটু বসলে মহাভারত অশুদ্ধ হয়ে যাবেনা।,Mahabharata will not become impure if you sit on Baba for a while.,如果你坐在巴巴身上一段时间，摩诃婆罗多不会变得不纯洁。,थोड़ी देर बाबा के ऊपर बैठ जाने से महाभारत अशुद्ध नहीं हो जायेगी.,Mahabharata no se volverá impuro si os sentáis sobre Baba por un tiempo.,Le Mahabharata ne deviendra pas impur si vous restez assis sur Baba pendant un moment.
অহাত চুমিছে।,সেটা ঠিক।,That's right.,这是正确的。,यह सही है।,Así es.,C'est exact.
অহাত্তে বহ।,তাহলে বসো।,then sit down,然后坐下,फिर बैठ जाओ,entonces siéntate,alors assieds-toi
হায় দে বপকরে বহানিতে নুয়ারিম।,ঠিক আছি তবে বেশিক্ষণ বসতে পারব না।,I'm fine but I can't sit for long.,我很好，但我不能坐太久。,मैं ठीक हूं लेकिन मैं ज्यादा देर तक नहीं बैठ सकता।,Estoy bien pero no puedo sentarme por mucho tiempo.,Je vais bien mais je ne peux pas rester assis longtemps.
মরতা ঘুম আহের,আমার ঘুম পাচ্ছে,i'm sleepy,我想睡觉,मुझे नींद आ रही हे,Tengo sueño,J'ai sommeil
আজি বরন দের,আজকে বৃষ্টি হচ্ছে,It's raining today,今天下雨了,आज बारिश हो रही है,esta lloviendo hoy,Il pleut aujourd'hui
ইলগা বপকরে না অতারি,ঠিক আছে আর বেশি কথা বল না,"OK, don't talk too much",好吧，别说太多,"ठीक है, ज्यादा मत बोलो","Está bien, no hables demasiado.","OK, ne parle pas trop"
পানা সপা আহান খানা আহের।,পান একটা খেতে ইচ্ছা করতেছে।,He wants to have a drink.,他想喝一杯。,वह ड्रिंक लेना चाहता है.,Quiere tomar una copa.,Il veut boire un verre.
আজি আর্জেন্টিনা ধরা খেইতায়,স্পেনে জিঙতায়,Zingtay in Spain,津泰在西班牙,स्पेन में ज़िंगटे,Zingtay en España,Zingtay en Espagne
ভাই বলি পাঙ্কাল ইয়া আসত গ?,কেমন আছেন আপনি?,how are you,你好吗,आप कैसे हैं,Cómo estás,comment vas-tu ?
মর ঘর গ নগরে,আমার বাড়ি নগর নামক এক গ্রামে,My house is in a village called Nagar,我的家在一个叫纳加尔的村庄,मेरा घर नगर नामक गांव में है,Mi casa está en un pueblo llamado Nagar.,Ma maison est dans un village appelé Nagar
অহত্তে অরেনাই দেশ আহাত বুড়া আগ বুড়ি আগ আসেতা,এক দেশে ছিল একজন বুড়া আর বুড়ি,In a country there was an old man and an old woman,在一个国家里有一位老人和一位老妇,एक देश में एक बूढ़ा आदमी और एक बूढ़ी औरत रहते थे,En un país había un anciano y una anciana.,Dans un pays il y avait un vieil homme et une vieille femme
তাঙি কচু লাগিতারাতা,তারা কচুগাছ লাগাচ্ছে,They are planting saplings,他们正在种植树苗,वे पौधे लगा रहे हैं,Están plantando arbolitos,Ils plantent des jeunes arbres
লামুই দাপানে আহিতা মাত্তারা,অ বুড়া কিতা কররাইতা?,What is the old man?,老头是什么？,बूढ़ा आदमी क्या है?,¿Qué es el viejo?,Qu'est-ce que le vieil homme ?
বুড়া বুড়িয়ে মাত্তারা আমি কচু লাগারাঙ,বুড়া-বুড়িয়ে মিলে বলতেছে আমরা কচু-মুখি লাগাই,The old and the old are saying together that we put Kochu-Mukhi,老老齐说，我们把Kochu-Mukhi,बूढ़े-बूढ़े एक साथ कह रहे हैं कि हम कोचू-मुखी लगाते हैं,Los viejos y los viejos dicen juntos que ponemos a Kochu-Mukhi,Les vieux et les vieux disent ensemble qu'on met Kochu-Mukhi
লামুই অতাই মাত্তারা অক্ক নাবে নাই,শিয়ালয়েরা বলতেছে এভাবে না,The foxes are saying not like this,狐狸说不是这样的,लोमड़ी कह रही है ऐसे नहीं,Los zorros dicen que no es así.,Les renards disent pas comme ça
তে কিক্ক লাগানি,ত কেমনে লাগাতে হয়,How to apply it,如何应用,इसे कैसे अप्लाई करें,como aplicarlo,Comment l'appliquer
লামুই অতাই মাত্তারাতা,হবা কীর্তনর গামছা আহাত,Haba Kirtanor Gamcha Ahat,哈巴·基尔塔诺尔·甘查·阿哈特,हबा कीर्तनोर गमछा आहट,Haba Kirtanor Gamcha Ahat,Haba Kirtanor Gamcha Ahat
অতা ইলে দেখতাও,আকদিনে কচু সপিহানি কতিহান ডাঙর ইতই,Akdin Kachu Sopihani Katihan Dangar Itai,阿克丁·卡丘·索皮哈尼·卡蒂汉·丹加尔·伊泰,अकदीन कछु सोपिहनि कटिहन डंगर इटै,Akdin Kachu Sopihani Katihan Dangar Itai,Akdin Kachu Sopihani Katihan Dangar Itai
মি বাজারে যাওরিগা,আমি বাজারে যাইতেছি,I am going to the market,我要去市场,मैं बाजार के लिए जा रहा हूँ,voy al mercado,je vais au marché
আমারঘরগ দূরিইসে,আমার বাড়ি অনেক দূর,My home is far away,我的家很远,मेरा घर बहुत दूर है,mi casa esta muy lejos,Ma maison est loin
আমি ইমার ঠারে অতারারাঙ,আমরা মাতৃভাষায় কথা বলি,We speak mother tongue,我们说母语,हम मातृभाषा बोलते हैं,Hablamos lengua materna,Nous parlons langue maternelle
আজি আমার রথর পালি,আজ আমাদের রথের পালি,Today is the turn of our chariot,今天轮到我们的战车了,आज हमारे रथ की बारी है,Hoy es el turno de nuestro carro.,Aujourd'hui c'est le tour de notre char
আজি অফিসে নাযিমগা,আজ অফিস যাবো না,I will not go to office today,我今天不去办公室,मैं आज ऑफिस नहीं जाऊंगा,No iré a la oficina hoy,Je n'irai pas au bureau aujourd'hui
আমার গাঙে রথ আকহান হুদ্দা,আমাদের গ্রামে শুধু একটায় রথ,There is only one chariot in our village,我们村里只有一辆马车,हमारे गांव में एक ही रथ है,Solo hay un carro en nuestro pueblo.,Il n'y a qu'un seul char dans notre village
আজি সমরর লহঙ,আজকে সমরের বিয়ে,Today is Samar's wedding,今天是萨马尔的婚礼,आज समर की शादी है,Hoy es la boda de Samar.,Aujourd'hui c'est le mariage de Samar
লহঙে যেসারেও য়ৌয়িসগা,বিয়েতে অবশ্যই আসবে,Will definitely come to the wedding,一定会来参加婚礼,शादी में जरूर आऊंगा,Definitivamente vendré a la boda.,Je viendrai certainement au mariage
কইনাগো চুনা ইসে,কনে দেখতে খুবই সুন্দর,The bride looks very beautiful,新娘看起来很漂亮,दुल्हन बेहद खूबसूरत लग रही है,La novia se ve muy hermosa,La mariée est très belle
দামানগো লহঙহাত দিলুইয়া আহিল,বর বিয়েতে দেরি করে আসছে,The groom is late for the wedding,新郎参加婚礼迟到了,दूल्हे को शादी के लिए देर हो गई है,El novio llega tarde a la boda.,Le marié est en retard pour le mariage
খেলা হান জিঙিয়া গাঙর মানু হাবি হারৌ ইসি,খেলা জিতে গ্রামের সবাই খুব খুশি,Everyone in the village is very happy after winning the game,赢得比赛后，村里的每个人都很高兴,गेम जीतने के बाद गांव के सभी लोग बेहद खुश हैं,Todos en el pueblo están muy felices después de ganar el juego.,Tout le monde dans le village est très heureux après avoir gagné le jeu
মর মুরগোত কিত্তাউ না হমার এমতাগা,আজকাল মাথায় কিছুই ঢুকে না,Nothing comes to mind these days,这几天什么都没想起来,आजकल कुछ भी दिमाग में नहीं आता,No se me ocurre nada estos días,Rien ne me vient à l'esprit ces jours-ci
এপাগা মরতা গরে যানা আহের,এখন আমার বাড়ি যেতে ইচ্ছে করছে,Now I want to go home,现在我想回家,अब मैं घर जाना चाहता हूं,Ahora quiero ir a casa,Maintenant je veux rentrer à la maison
চা আগো পিয়া যাগা,এক কাপ চা খেয়ে যাও,Have a cup of tea,喝杯茶,एक कप चाय पीओ,Toma una taza de té,Prendre une tasse de thé
না,কালি পিতাঙাই নাই,There is no ink,没有墨水,कोई स्याही नहीं है,no hay tinta,Il n'y a pas d'encre
কালিকা ঙালতো নুকুলানি লাগতই,আগামীকাল সকাল সকাল বের হতে হবে,To go out tomorrow morning,明天早上要出去,कल सुबह निकलना है,Para salir mañana por la mañana,Pour sortir demain matin
সমরজিৎ এ চুইংগাম খার।,সমরজিৎ চুইংগাম গাচ্ছে।,Samarjeet singing chewing gum.,萨马吉特嚼着口香糖唱歌。,समरजीत च्युइंग गम चबाते हुए गा रहे हैं.,Samarjeet cantando chicle.,Samarjeet chante du chewing-gum.
আজি দিনহান নংমাং ইসে।,আজ আকাশ মেঘলা।,Today the sky is cloudy.,今天天空多云。,आज आसमान में बादल छाए हुए हैं.,Hoy el cielo está nublado.,"Aujourd'hui, le ciel est nuageux."
আহির পানি পড়ের,চোখের পানি পড়ছে,Tears are falling,眼泪掉下来,आँसू गिर रहे हैं,las lagrimas estan cayendo,Les larmes coulent
বারে নিকুললে পে আহান লগে করিয়া যিসগা।,বাহিরে বের হলে একটা ছাটা নিয়ে বেরুবে।,"When you go out, take an umbrella.",外出时，带上雨伞。,जब आप बाहर जाएं तो छाता लेकर जाएं।,"Cuando salgas, llévate un paraguas.","Quand vous sortez, prenez un parapluie."
ইলগা নাই,যিকগা,Jigga,吉嘎,जिग्गा,Jigga,Jigga
মিয়াঙর ঠার হান্নাপাওরি,বাংলা ভাষা বুঝি না,I do not understand Bengali language,我听不懂孟加拉语,मुझे बांग्ला भाषा समझ नहीं आती,No entiendo el idioma bengalí,Je ne comprends pas la langue bengali
আজি পাঁচগো চা পিয়াবেল্লু।,আজ পাঁচটি চা খেয়েছি।,Had five teas today.,今天喝了五杯茶。,आज पाँच चाय पी।,Tomé cinco tés hoy.,J'ai bu cinq thés aujourd'hui.
মনহান খানি নুঙি নাইছে।,মন কিছুটা ভালো না।,Not feeling well.,感觉不舒服。,तबियत ठीक नहीं।,No me siento bien.,Je ne me sens pas bien.
তার চুন উবা ইসে।,তার চুল খাড়া হয়ে আছে।,His hair is standing up.,他的头发都竖起来了。,उनके रोंगटे खड़े हो गए हैं.,Su cabello está erizado.,Ses cheveux sont dressés.
মরতা হবা করে ঘুম আহান দেনা লাগের।,আমার ভালো একটা ঘুম দেওয়া প্রয়োজন।,I need a good sleep.,我需要睡个好觉。,मुझे अच्छी नींद चाहिए.,Necesito dormir bien.,J'ai besoin d'un bon sommeil.
কতো বেরা লাগিসত মানুগহে!,কতই না ভেজালি একটা মানুষ!,What a dirty man!,多么肮脏的男人啊！,कितना गंदा आदमी है!,¡Qué hombre más sucio!,Quel sale homme !
তা কালা দিগল আহিং আহান পিদিয়া আতের।,সে কালো লম্বা একটা জামা পরে হাটছে।,She is walking in a long black dress.,她穿着一件黑色长裙行走。,वह लंबी काली पोशाक में चल रही हैं।,Ella camina con un vestido largo negro.,Elle marche dans une longue robe noire.
আতের নমতা অহন যেমন মাটিহাত পারাহান না পরের।,এমনভাবে হাটছে যেনো মাটিতে পা পড়ে না।,Walking without touching the ground.,行走时不接触地面。,जमीन को छुए बिना चलना।,Caminar sin tocar el suelo.,Marcher sans toucher le sol.
তা নাঙকাপা মানু আগো।,তিনি একজন বিখ্যাত মানুষ।,He is a famous man.,他是一位名人。,वह एक प्रसिद्ध व्यक्ति हैं.,Es un hombre famoso.,C'est un homme célèbre.
মরে পানি গেলেস আহান দে।,আমাকে এক গ্লাস পানি দাও।,give me a glass of water,给我一杯水,मुझे एक ग्लास पानी दो,dame un vaso de agua,donne-moi un verre d'eau
মি মুনিসউ আগো জেলাসউ আগর বাপকগো।,আমি একটা ছেলে একটা মেয়ের পিতা।,I am the father of a boy and a girl.,我是一个男孩和一个女孩的父亲。,मैं एक लड़के और एक लड़की का पिता हूं।,Soy padre de un niño y una niña.,Je suis père d'un garçon et d'une fille.
মর জিলক ৫ বছরে পারা দিল।,আমার মেয়ে ৫ বছরে পা দিয়েছে।,My daughter has turned 5 years old.,我女儿已经5岁了。,मेरी बेटी 5 साल की हो गयी है.,Mi hija ha cumplido 5 años.,Ma fille a 5 ans.
মর পিতক ২ বছরে পারা দিল।,আমার ছেলে ২ বছরে পা দিয়েছে।,My son has completed 2 years.,我儿子已经读完2年了。,मेरा बेटा 2 साल का हो गया है.,Mi hijo ha cumplido 2 años.,Mon fils a terminé 2 ans.
এমারি ক্ষেতিবারি হবা নাইছে।,এবছরে ফসলাদি ভালো হয়নি।,Crops were not good this year.,今年庄稼不好。,इस साल फसलें अच्छी नहीं हुईं.,Las cosechas no fueron buenas este año.,Les récoltes n'ont pas été bonnes cette année.
আহিব মারি মি বিদেশে যাওরিগা।,আগামি বছর আমি বিদেশ যাচ্ছি।,I am going abroad next year.,明年我要出国。,मैं अगले साल विदेश जा रहा हूं.,El año que viene me voy al extranjero.,Je pars à l'étranger l'année prochaine.
মি তরে বপকরে বপকরে বানা পাউরি।,আমি তোমাকে অনেক অনেক ভালোবাসি।,I love you very much.,我非常爱你。,मुझे आप से बहुत सारा प्यार है।,Te quiero muchísimo.,Je t'aime beaucoup.
তি মর থইগো।,তুমি আমার অন্তর।,,你是我的心,तू मेरा दिल,tu eres mi corazon,tu es mon coeur
মর খুইতুগত তরে লুকরে থুয়াসুগো।,আমার হৃদতে তোমাকে যতনে রেখেছি।,I keep you in my heart.,我把你放在心里。,मैं तुम्हें अपने दिल में रखता हूँ.,Te guardo en mi corazón.,Je te garde dans mon cœur.
কালি বিয়ানে আমারাং আহিস।,কাল সকালে আমাদের বাড়ি এসো।,Come to our house tomorrow morning.,明天早上来我们家吧。,कल सुबह हमारे घर आ जाना.,Ven a nuestra casa mañana por la mañana.,Venez chez nous demain matin.
মহায় জবর কামারতারা,মশা খুব কামড়াচ্ছে,Mosquitoes are very biting,蚊子非常叮人,मच्छर बहुत काटते हैं,Los mosquitos pican mucho.,Les moustiques sont très piqueurs
আজি রোদগো জবর ইসে,আজ প্রচন্ড রোদ,Today is very sunny,今天天气非常晴朗,आज बहुत धूप है,hoy esta muy soleado,Aujourd'hui il fait très ensoleillé
কালিকার কাম আজিকা নমপরিয়া থনা থক,আগামীকালকের কাজ আজকেই সেরে নেয়া উচিত,Tomorrow's work should be done today,明天的工作应该今天完成,कल का काम आज ही कर लेना चाहिए,El trabajo de mañana debe hacerse hoy.,Le travail de demain doit être fait aujourd'hui
মর ঠারহান বিষ্ণুপ্রিয়া মনিপুরি,আমার ভাষা বিষ্ণুপ্রিয়া মনিপুরি,My language is Bishnupriya Manipuri,我的语言是 Bishnupriya Manipuri,मेरी भाषा बिष्णुप्रिया मणिपुरी है,Mi idioma es Bishnupriya Manipuri.,Ma langue est le Bishnupriya Manipuri
মি বিষ্ণুপ্রিয়া মনিপুরি গ,আমি বিষ্ণুপ্রিয়া মনিপুরি,I am Bishnupriya Manipuri,我是比什努普里亚·曼尼普里,मैं बिष्णुप्रिया मणिपुरी हूं,Soy Bishnupriya Manipuri.,Je suis Bishnupriya Manipuri
ইমা,মা,mother,母亲,माँ,madre,mère
বাবা,বাবা,father,父亲,पिता,padre,père
হয়ো,বোন,sister,姐姐,बहन,hermana,sœur
বেয়ক,ভাই,brother,兄弟,भाई,hermano,frère
ইনে,পিসি,pc,个人电脑,पीसी,ordenador personal,ordinateur
মুহি,মাসি/খালা,aunt,阿姨,चाची,tía,tante
মওয়া,মেস/খালু,Mess/Empty,混乱/空荡荡,गन्दा/खाली,Desorden/Vacío,Désordre/Vide
বপা,দাদুভাই,grandpa,爷爷,दादा,abuelo,grand-père
ডাঙ্গ,দাদীমা,grandmother,祖母,दादी,abuela,grand-mère
মি তরে হবাপাওরি,আমি তোমাকে পছন্দ করি,i like you,我喜欢你,मुझे आप पसंद हो,me gustas,je t'aime bien
মি তরে হাদাপাওরি,আমি তোমাকে ভালোবাসি,i love you,我爱你,मुझे तुमसे प्यार है,te amo,Je vous aime
এমতাগা জারর পর হান ডিলতো আহিতোই,এবার শীতকাল দেরিতে আসবে,This winter will come late,这个冬天来得晚一些,इस बार सर्दी देर से आएगी,Este invierno llegará tarde,Cet hiver viendra tard
জেলাশৌ অগো স্কুলে যেইরিগা হাদ্দিন,মেয়েটি প্রতিদিন স্কুলে যায়,The girl goes to school every day,这个女孩每天都去上学,लड़की रोज स्कूल जाती है,La niña va a la escuela todos los días.,La fille va à l'école tous les jours
আমি বান্দারা খারাঙ,আমরা বান্দারা খাচ্ছি,We are eating slaves,我们正在吃奴隶,हम गुलाम खा रहे हैं,Estamos comiendo esclavos,Nous mangeons des esclaves
আমি বান্দারা খেইলাঙ,আমরা বান্দারা খেয়েছি,We ate slaves,我们吃奴隶,हमने गुलाम खाये,Comimos esclavos,Nous avons mangé des esclaves
আমি হাবি দুই ঘন্টা ইল খেলারাঙতা,আমরা সবাই দুই ঘন্টা ধরে খেলছি,We have all been playing for two hours,我们都玩了两个小时了,हम सब दो घंटे से खेल रहे हैं,Todos llevamos dos horas jugando.,Nous jouons tous depuis deux heures
আমি স্কুলে গিয়াসিলাঙ কালি,আমরা গতকাল স্কুলে গিয়েছিলাম,We went to school yesterday,我们昨天去学校了,हम कल स्कूल गए थे,Fuimos a la escuela ayer,Nous sommes allés à l'école hier
আমি কালি স্কুলে যিতাঙাইগা,আমরা আগামীকাল স্কুলে যাবো,We will go to school tomorrow,我们明天去学校,हम कल स्कूल जायेंगे,iremos a la escuela mañana,Nous irons à l'école demain
স্কুলে গিয়া মিয়াঙর ঠার অতারানি লাগের,স্কুলে গিয়ে বাংলায় কথা বলতে হয়,I have to go to school and speak Bengali,我必须去学校说孟加拉语,मुझे स्कूल जाना है और बांग्ला बोलनी है,Tengo que ir a la escuela y hablar bengalí.,Je dois aller à l'école et parler bengali
বাজারেত্ত মর কাজে খানারতা আনেদিস।,বাজার থেকে আমার জন্য খাবার নিয়ে এসো।,Bring me food from the market.,从市场给我带来食物。,मेरे लिए बाजार से खाना ले आओ.,Tráeme comida del mercado.,Apportez-moi de la nourriture du marché.
মর ফোনহান মাটিহাত পরিয়া স্ক্রিনহান উফল ইয়া পরবলগা।,আমার ফোন মাটিতে পড়ে স্ক্রিন ছুটে পড়ে গেছে।,My phone fell to the ground and the screen crashed.,我的手机掉到地上，屏幕碎了。,मेरा फ़ोन ज़मीन पर गिर गया और स्क्रीन क्रैश हो गई।,Mi teléfono cayó al suelo y la pantalla se estrelló.,Mon téléphone est tombé au sol et l'écran s'est écrasé.
কদালহার আছার আগো লাগাদে।,কোদালের একটা হাতল লাগিয়ে দাও।,Attach a handle to the spade.,将手柄安装到铲子上。,कुदाल में एक हैंडल लगाओ।,Coloque un mango en la pala.,Fixez une poignée à la pelle.
পেনিগত ধান বরা।,ঝুড়িতে ধান ভরো।,Fill the basket with rice.,将篮子装满米。,टोकरी को चावल से भरें.,Llena la canasta con arroz.,Remplissez le panier de riz.
মেরুকগনো চন কতগো আনিয়া ভিক্ষারীগরে দিয়াদে।,চালের পটে করে কিছু চাল এনে ভিক্ষারীকে দাও।,Put some rice in a rice bowl and give it to the beggar.,将一些米放入饭碗中，交给乞丐。,एक चावल की कटोरी में थोड़े से चावल डालकर भिखारी को दे दें।,Pon un poco de arroz en un cuenco de arroz y dáselo al mendigo.,Mettez du riz dans un bol à riz et donnez-le au mendiant.
এমারি ৩০০ পুরা ধান বারনগত কাকরলু।,এবছর ৩০০ পুরা ধান উগারে তুলেছি।,This year I raised 300 paddy.,今年我种了300粒稻谷。,इस वर्ष मैंने 300 धान उपजाया।,Este año recaudé 300 arrozales.,"Cette année, j'ai récolté 300 paddy."
মর পিছে কতগো য়েকনাপা ইথউ দিতারা।,আমার পেছনে কয়েকজন শত্রু তাল দিচ্ছে।,A few enemies are clapping behind me.,几个敌人在我身后鼓掌。,कुछ शत्रु मेरे पीछे ताली बजा रहे हैं।,Algunos enemigos aplauden detrás de mí.,Quelques ennemis applaudissent derrière moi.
যেগর লগেউ কুলি নাকরিস।,যার তার সাথে ঝগড়া করোনা।,Don't quarrel with anyone.,不要与任何人争吵。,किसी से झगड़ा न करें.,No pelees con nadie.,Ne vous disputez avec personne.
আমি বান্দারা আহান হাঞ্জাসি।,আমরা একটা খানাপিনার আয়োজন করেছি।,We organized a dinner.,我们组织了一顿晚宴。,हमने रात्रि भोज का आयोजन किया।,Organizamos una cena.,Nous avons organisé un dîner.
কর্মথপুগই হবাকরে থৌরাং করিছে।,আয়োজক ভালোভাবে আয়োজন করেছে।,Well organized by the host.,楼主组织得很好。,मेज़बान द्वारा अच्छी तरह व्यवस्थित किया गया।,Bien organizado por el anfitrión.,Bien organisé par l'hôte.
রঞ্জন মর হাবিত্ত হবা মারুপগো।,রঞ্জন আমার সবচাইতে ভালো বন্ধু।,Ranjan is my best friend.,兰詹是我最好的朋友。,रंजन मेरा सबसे अच्छा दोस्त है.,Ranjan es mi mejor amigo.,Ranjan est mon meilleur ami.
হমাজি,কথা আহান হুনিয়া যাগা।,Katha ahan huniya yaga.,卡塔·阿汉·胡尼亚·雅加。,कथा अहं हुनिया यगा।,Katha ahan huniya yaga.,Katha ahan huniya yaga.
ইতাউ,মরে তাংগা খানি উদারি দে।,More Tangga Khani Udari De.,更多 Tangga Khani Udari De。,मोरे तंगगा खानि उड़ारि दे।,Más Tangga Khani Udari De.,Plus Tangga Khani Udari De.
ইমা,মরে আজি না বিছারিস।,Don't die today.,今天别死。,आज मत मरो.,No mueras hoy.,Ne meurs pas aujourd'hui.
হয়ো,তর নহন্দক ঘরে আছেতা?,Are you at home?,你在家里？,क्या आप घर पर हैं?,¿Estás en casa?,Êtes-vous à la maison?
বজি,দাদারে মাতিয়া মরে রুপা খানি থৌরাং করেদে।,Dadare Matia Morre Rupa Khani Thourang Karede.,达达雷·马蒂亚·莫雷·鲁帕·卡尼·图朗·卡雷德。,दादरे मतिया मोर्रे रूपा खानि थौरांग करेदे।,Dadare Matia Morre Rupa Khani Thourang Karede.,Dadare Matia Morre Rupa Khani Thourang Karede.
গারিগত্ত সাকতিপা গত আহের।,শরীর থেকে বাজে গন্ধ আসছে।,Bad smell coming from the body.,身体里散发出难闻的气味。,शरीर से दुर्गंध आना.,Mal olor proveniente del cuerpo.,Mauvaise odeur venant du corps.
মেইথংহান জবরে চুনা ইসে।,চেহারা অনেক সুন্দর।,Looks very beautiful.,看起来非常漂亮。,बहुत सुंदर लग रहा है.,Se ve muy hermoso.,C'est très beau.
সাকতাহান লাসহান নেইসত।,মুখে একটুকু লজ্জা নেই।,There is no shame in the face.,脸上没有一丝羞耻。,चेहरे पर कोई शर्म नहीं है.,No hay vergüenza en la cara.,Il n'y a pas de honte en face.
অতগি তলহানদে লাল্লাম ইসে।,ঠোঁটগুলো নিচের দিকে ঝুলে আছে।,Lips hang down.,嘴唇下垂。,होंठ नीचे लटक गये.,Los labios cuelgan.,Les lèvres pendent.
অতগো চঙা করিয়া পানা আগো খানা আহেরতা।,ঠোঁট লাল করে একটা পান খেতে ইচ্ছে করছে।,I want to have a drink with red lips.,我想喝一杯红唇。,मैं लाल होठों वाला पेय पीना चाहता हूं।,Quiero tomar una copa con labios rojos.,Je veux boire un verre avec les lèvres rouges.
জুহান উসুলিয়া ছিড়েদিতউহানে।,জিব্বা টেনে ছিঁড়ে দেব কিন্তু।,But I will tear the jibba.,但我会撕裂吉巴。,लेकिन मैं जिब्बा फाड़ दूँगा.,Pero romperé el jibba.,Mais je vais déchirer la jibba.
বদনহান থিপকরিয়া আসততা কিদিয়া?,চেহাড়া ভাঁজ করে আছ কেনো? [চেহারা ভার করে আছ কেনো?],Why are you folding your face? [Why are you looking heavy?],你为什么要捂着脸？ 【你为什么看起来很重？】,तुम अपना चेहरा क्यों मोड़ रहे हो? [आप भारी क्यों दिख रहे हैं?],¿Por qué estás doblando la cara? [¿Por qué te ves pesado?],Pourquoi tu baisses la tête ? [Pourquoi as-tu l'air lourd ?]
লেমপালহান আজি জবরে দুখাউরি।,আজকে কাঁধ অনেক ব্যথা করছে।,Today the shoulder hurts a lot.,今天肩膀很痛。,आज कंधे में बहुत दर्द है.,Hoy me duele mucho el hombro.,"Aujourd'hui, l'épaule me fait très mal."
ফামহাত্ত পরিয়া কহনিগো দুখাউরি।,বিছান থেকে পড়ে কুনুই ব্যথা করছে।,Elbow hurts from falling out of bed.,从床上掉下来，肘部很痛。,बिस्तर से गिरने पर कोहनी में दर्द होता है।,Le duele el codo al caerse de la cama.,Le coude me fait mal en tombant du lit.
থরুয়াগি খানি কামাড়ার।,পায়ের পেছনের পেশি কামড়াচ্ছে।,The muscles in the back of the leg are cramping.,腿后部的肌肉抽筋。,पैर के पिछले हिस्से की मांसपेशियों में ऐंठन हो रही है।,Los músculos de la parte posterior de la pierna tienen calambres.,Les muscles à l’arrière de la jambe présentent des crampes.
তার উয়ারিহান হুনিয়া মর ইয়াহান চিলা ইয়া যারগা।,তার গল্প শুনে আমার বুক ফেঁটে যাচ্ছে।,My chest is bursting after hearing his story.,听了他的故事后，我的胸口快要爆炸了。,उसकी कहानी सुन कर मेरी छाती फट रही है.,Mi pecho estalla después de escuchar su historia.,Ma poitrine éclate après avoir entendu son histoire.
গারিগত জুত করে বুকুর আগো দিলুতাহে।,পিঠে ভালো করে একটা কিল দিয়েছি।,I gave a good kill on the back.,我在后面打了一个很好的杀戮。,मैंने पीठ पर एक अच्छा वार किया.,Le di una buena matanza en la espalda.,J'ai bien tué dans le dos.
মরে আমুনি বিদিয়া না অতারিস,আমাকে আঙ্গুল দেখিয়ে কথা বলোনা,Don't point fingers at me,别对我指手画脚,मुझ पर उंगली मत उठाओ,No me apuntes con el dedo,Ne me pointe pas du doigt
আমুনিগি বাগিয়া থুয়াদিতউহানে।,আঙ্গুলগুলো ভেঙে রেখে দেব।,Fingers crossed.,手指交叉。,उंगलियों को पार कर।,Crucemos los dedos.,On croise les doigts.
কাকিয়ে সউগরে বুনি পিয়ুয়েইরি।,কাকি বাচ্চাকে দুধ খাওয়াচ্ছে।,Aunt is feeding the baby.,阿姨正在给宝宝喂奶。,मौसी बच्चे को दूध पिला रही है.,La tía está alimentando al bebé.,Tante nourrit le bébé.
সউগরে থেমকর।,বাচ্চাকে শান্ত করো।,Calm the child.,让孩子平静下来。,बच्चे को शांत करो.,Calma al niño.,Calmez l'enfant.
খুইতুগো ফান্দের।,হৃৎপিণ্ড লাফাচ্ছে।,Heart is pounding.,心在狂跳。,दिल जोरों से धड़क रहा है.,El corazón late con fuerza.,Le cœur bat la chamade.
বান্দারা খানাত যিকগা,বান্দারা খেতে চলো,Let's eat servants,来吃仆人吧,चलो नौकर खाओ,comamos sirvientes,Mangeons des serviteurs
মি অফিসে যাওরিগা,আমি অফিসে যাচ্ছি,I am going to office,我要去办公室,मैं ऑफिस जा रहा हूं,voy a la oficina,je vais au bureau
মানসে বার্তন নাদিয়াসে,মানস নিমন্ত্রণ জানায়নি,Manas did not invite,玛纳斯没有邀请,मानस ने नहीं बुलाया,Manas no invitó,Manas n'a pas invité
কুমেইহান অকরলা,অনুষ্ঠান শুরু হয়েছে,The program has started,节目已经开始了,कार्यक्रम शुरू हो गया है,El programa ha comenzado,Le programme a commencé
পেপুড়ার অসারে লাইনহান ইসি।,পিপড়ার মতো লাইন ধরেছে,Lined up like ants,像蚂蚁一样排队,चींटियों की तरह पंक्तिबद्ध,Alineados como hormigas,Alignés comme des fourmis
মরকসি রোদগত নিকালা,মরিচগুলো রোদে বের করো,Take out the peppers in the sun,把辣椒拿出来放在阳光下暴晒,मिर्च को धूप में निकाल लीजिये,Sacar los pimientos al sol.,Sortez les poivrons au soleil
লেমতলগত কেরেস বরা,হারিকেনে কেরোসিন ঢালো,Pour kerosene on the hurricane,把煤油倒在飓风上,तूफ़ान पर मिट्टी का तेल डालो,Vierta queroseno sobre el huracán.,Versez du kérosène sur l'ouragan
আমারতাই আমারতাই তিলয়া থানা দরকার নাইলে টিকিয়া থানা হিনপিতাঙায়,আমরা নিজেরা মিলেমিশে থাকা দরকার নইলে টিকে থাকা কঠিন হয়ে যাবে,We need to get ourselves together or it will be difficult to survive,我们需要团结起来，否则将很难生存,हमें खुद को एक साथ लाने की जरूरत है अन्यथा जीवित रहना मुश्किल हो जाएगा,Necesitamos recomponernos o será difícil sobrevivir.,Nous devons nous ressaisir ou il sera difficile de survivre
তি যেহান নিঙকরর অহানই হায়হান নাবে,তুমি যা ভাব সেটাই সঠিক নই,What you think is not right,你认为的不对,आप जो सोचते हैं वह सही नहीं है,Lo que crees que no está bien,Ce que tu penses n'est pas bien
বারেদে রোদগ জবর ইসে ঘরেত্ব না নিকুলি,বাইরে রোদের তেজ বেশি বাড়ির বাইরে যেও না,Don't go outside when the sun is too bright,阳光太亮时不要外出,जब सूरज बहुत तेज़ हो तो बाहर न जाएँ,No salgas cuando el sol brilla demasiado,Ne sortez pas quand le soleil est trop brillant
জোলাকগর সাদে তর মেইথংহান,চাঁদের মতো তোমার মুখ,Your face is like the moon,你的脸像月亮,तुम्हारा मुख चन्द्रमा के समान है,Tu cara es como la luna,Ton visage est comme la lune
মি লেরিক তামকরানি পারুরি,আমি বই পড়তে পারি,I can read books,我可以看书,मैं किताबें पढ़ सकता हूं,puedo leer libros,Je peux lire des livres
ইকিয়া দেখাদে,লিখে দেখাও,Write it down,写下来,नीचे लिखें,Escríbelo,Écrivez-le
গাটহার পানি অর ইসে,নদীর পানি ঘোলা,The river water is cloudy,河水浑浊,नदी का पानी मटमैला है,El agua del río está turbia.,L'eau de la rivière est trouble
পহুরিগত মাছ বুঝিসি,পুকুরে অনেক মাছ আছে,There are many fish in the pond,池塘里有很多鱼,तालाब में बहुत सारी मछलियाँ हैं,Hay muchos peces en el estanque.,Il y a beaucoup de poissons dans l'étang
উমেইহানলোখানি বওদেদে,হাতপাখা দিয়ে বাতাস করো,Fan the air,扇动空气,हवा चलाओ,ventilar el aire,Ventilez l’air
নারিকন সপাহার তলে নাযিগা,নারিকেল গাছের নিচে যেও না,Don't go under the coconut tree,不要到椰子树下,नारियल के पेड़ के नीचे न जाएं,No te metas debajo del cocotero,Ne va pas sous le cocotier
রথে মানু চামিরিকহান ইসি,রথ উৎসবে লোকে লোকারন্য,In Rath Utsav people are lokaranya,在 Rath Utsav，人们是 lokaranya,रथ उत्सव में लोग लोकरण्य होते हैं,En Rath Utsav la gente es lokaranya,"À Rath Utsav, les gens sont des lokaranya"
ভাতর বকগই পেটগ উল্টাবাগ করের,ক্ষিধার জ্বালায় পেট চো চো করছে,Stomach is rumbling with hunger,肚子饿得咕咕叫,पेट भूख से कुलबुला रहा है,El estómago ruge de hambre.,L'estomac gargouille de faim
মোরে তেনুয়া রঙর শাড়ি আহান দেখাদে,আমাকে একটি সবুজ রঙের শাড়ি দেখাও,Show me a green saree,给我看一件绿色纱丽,मुझे एक हरी साड़ी दिखाओ,Muéstrame un sari verde,Montre-moi un sari vert
এগ মোর সৌগ,এটা আমার সন্তান,This is my child,这是我的孩子,यह मेरा बच्चा है,este es mi hijo,C'est mon enfant
তার নাংহান কিহান থুয়াইতু বিসারিয়া নাপাউরি,তার নাম কি রাখবো খুঁজে পাচ্ছিনা,Can't find what to name him,找不到该给他起什么名字,"उसे क्या नाम दूं, यह नहीं मिल रहा",No puedo encontrar cómo llamarlo,Je ne trouve pas comment le nommer
মি হাব্বিত্ত হবা বাবাগ ইতউগ,আমি সেরা বাবা হব,I will be the best father,我会成为最好的父亲,मैं सबसे अच्छा पिता बनूंगा,sere el mejor padre,je serai le meilleur père
তোর মিনক অগ কি চুনাহান বাই,তোর বউটা কি সুন্দর রে বন্ধু,Your wife is beautiful my friend,你的妻子很漂亮我的朋友,तुम्हारी बीवी बहुत सुन्दर है मेरे दोस्त,Tu esposa es hermosa mi amigo,Ta femme est magnifique mon ami
দিনহাত পাঁচহান করিয়া এন্ট্রি করানি হাদাপাসু,দৈনিক পাঁচটা করে এন্ট্রি করতে চাচ্ছি,I want to make five entries daily,我想每天输入五个条目,मैं प्रतिदिन पाँच प्रविष्टियाँ करना चाहता हूँ,quiero hacer cinco entradas diarias,Je veux faire cinq entrées par jour
আরতাউ বপ্পরে চেইলে আকহানউ নাকরিয়া যাংহানি তিঙদিয়া বহিয়া থাইতউ অরে,আরও বেশি করে চাইলে একটাও না করে পা দুটো প্রসারিত করে বসে থাকবো কিন্তু,"If I want to do more, I will sit with both legs stretched out",如果我想做更多，我会双腿伸直坐着,अगर मुझे और कुछ करना है तो मैं दोनों पैर फैलाकर बैठूंगा,"Si quiero hacer más, me sentaré con ambas piernas estiradas.","Si je veux en faire plus, je m'assoirai avec les deux jambes tendues"
হইমারো সাতহান হাবি এন্ট্রি করেবেলাসু,ওরেম্মা সাতটা এন্ট্রি করে ফেলেছি,Oremma I have made seven entries,奥雷玛 我已经做了七个条目,ओरेम्मा मैंने सात प्रविष्टियाँ की हैं,Oremma he hecho siete entradas.,Oremma j'ai fait sept entrées
আহরতা কিদিয়া?,হাসছো কেন?,Why are you laughing?,你笑什么？,तुम क्यों हंस रहे हो?,¿Por qué te ríes?,Pourquoi riez-vous?
এহেন্ন দশহান ইলতাহে,এটা নিয়ে ১০ টা হল,It's 10 o'clock,现在是 10 点,10 बजे हैं,son las 10 en punto,Il est 10 heures
পরীক্ষার ফল এহানলো কিত্তাও করে নারবে,পরীক্ষার এই রেজাল্ট দিয়ে কিচ্ছু হবে না,Nothing will happen with this test result,这个测试结果不会发生任何事情,इस परीक्षा परिणाम से कुछ नहीं होगा,No pasará nada con el resultado de esta prueba.,Rien ne se passera avec ce résultat de test
হবাবালা ইয়া থায়ো,ভালো থেকো,stay well,保持健康,अच्छे से रहो,mantente bien,reste bien
মাস্টরগ আহিল,লেরিকহাত বহো,Lerikhat Bho,勒里卡特·博霍,लेरीखत भो,Lerikhat Bho,Lerikhat Bho
কামর কাম বেলিয়া কতি ঠেকিছুতাক,কাজের কাজ ফেলে রেখে কী ঠেকা আমার,Why should I leave my work?,我为什么要离开工作？,मुझे अपना काम क्यों छोड़ना चाहिए?,¿Por qué debería dejar mi trabajo?,Pourquoi devrais-je quitter mon travail ?
মিতলেং,দৃষ্টি,vision,想象,दृष्टि,visión,vision
হুদ্দা তামকরলেই লম নার,হারপানিও লাগের,Harpanio lager,哈帕尼奥啤酒,हार्पानियो लेगर,Cerveza Harpanio,Bière blonde Harpanio
বেইবুনিয়ে কৌলি লাগিসি,ভাইবোন ঝগড়া করেছে,Siblings quarreled,兄弟姐妹吵架,भाई-बहनों में झगड़ा हो गया,Los hermanos se pelearon,Les frères et sœurs se sont disputés
তারে চেয়া মুকসি দিল,তাকে দেখে মৃদু হাসলো,He smiled softly at her,他对她温柔一笑,वह उसे देखकर धीरे से मुस्कुराया,Él le sonrió suavemente.,Il lui sourit doucement
মি মর কথা আরতা নামাতওরি,আমি নিজের কথা আর বলব না,I won't talk about myself anymore,我不会再谈论我自己,मैं अब अपने बारे में बात नहीं करूंगा,ya no hablare mas de mi,Je ne parlerai plus de moi
ইমা,মি ঘরে আহপরংগা আর নুঙেই না লাগের,I don't have to worry about anything in my house,我不用担心家里的任何事情,मुझे अपने घर में किसी बात की चिंता नहीं है,No tengo que preocuparme por nada en mi casa.,Je n'ai à m'inquiéter de rien dans ma maison
হুরকাঙ কালহানই নুঙেই ইসিল,শৈশবই ভাল ছিল,Childhood was good,童年是美好的,बचपन अच्छा था,la infancia fue buena,L'enfance était bonne
চেই,তোমারতা যেহান হবা অহান করেই,Yours is Jehan Haba Ahan Kae,你的是 Jehan Haba Ahan Kae,तुम्हारा है जेहन हबा अहं कै,Tuyo es Jehan Haba Ahan Kae,Le vôtre est Jehan Haba Ahan Kae
তারে চালাক্করে এরাদেনা থক,তাকে অবিলম্বে ছেড়ে ছেড়ে দেয়া উচিত,He should be released immediately,他应该立即被释放,उसे तुरंत रिहा किया जाना चाहिए.',Debe ser liberado inmediatamente,Il devrait être libéré immédiatement
ইকরেকুরা বারো পাকরেকুরা হাবিরে থাকাত,লেখক ও পাঠক সবাইকে ধন্যবাদ,Thanks to all authors and readers,感谢所有作者和读者,सभी लेखकों और पाठकों को धन्यवाद,Gracias a todos los autores y lectores.,Merci à tous les auteurs et lecteurs
যতমাও তামকরতেই,ততমাও হিকতেই,Hiccup too,也打嗝,हिचकी भी,Hipo también,Le hoquet aussi
এম্বেগই শু দিয়া,গরুয়ে গুতা দিসে,Gives the cow a cow,给牛一头牛,गाय को गाय देता है,Le da a la vaca una vaca,Donne à la vache une vache
শৌ এতা হাবি লেইরাপা ঘররতা,শিশুগুলো সবাই হত দরিদ্র পরিবারের,All the children were from poor families,所有的孩子都来自贫困家庭,सभी बच्चे गरीब परिवारों से थे,Todos los niños eran de familias pobres.,Tous les enfants étaient issus de familles pauvres
তাঙি হারপিয়াই খেলাত হমাসিতা,তারা জেনেশুনেই খেলায় অংশগ্রহন করেছে,They participated in the game knowingly,他们在知情的情况下参与了游戏,उन्होंने जानबूझ कर खेल में हिस्सा लिया,Participaron en el juego a sabiendas.,Ils ont participé au jeu en connaissance de cause
আর্জেন্টিনা সুপও খেলা নারলা,আর্জেন্টিনা মোটেও খেলতে পারেনি,Argentina could not play at all,阿根廷根本打不了球,अर्जेंटीना बिल्कुल नहीं खेल सका,Argentina no pudo jugar nada,L'Argentine n'a pas pu jouer du tout
খেন্তামহান হবা নাযারগা,সময়টা ভাল যাচ্ছে না,Time is not going well,时间过得并不顺利,समय ठीक नहीं चल रहा है,el tiempo no va bien,Le temps ne va pas bien
তাঙি কিতা অহানেই চেইতারাহান?,তারা কি আসলেই এটা চায়?,Do they really want it?,他们真的想要吗？,क्या वे सचमुच ऐसा चाहते हैं?,¿Realmente lo quieren?,Le veulent-ils vraiment ?
এপাগা যেহান ইসে কুঙ্গও কিত্তাও মাতলে গারিগত না লাগের,এমন অবস্থা যে কারো কথা গায়ে লাগে না,Such a situation that no one's words matter,这种情况，谁都说不重要,ऐसी स्थिति कि किसी की बात मायने नहीं रखती,Una situación tal que las palabras de nadie importan.,Une telle situation que les mots de personne n'ont pas d'importance
তেই জেলাশৌ আগ চাবক ইসে,সে মেয়েসন্তান প্রসব করেছে,She gave birth to a girl child,她生下了一个女孩,उसने एक बेटी को जन्म दिया,Ella dio a luz a una niña,Elle a donné naissance à une petite fille
হারৌ ইয়া যেহান হিকতেই সারাজীবন মনে থায়তই,আনন্দের সাথে শেখা বিষয় সারাজীবন মনে থাকে,Things learned with pleasure are remembered for life,愉快地学到的东西会终生铭记,आनंदपूर्वक सीखी गई चीजें जीवन भर याद रहती हैं,Las cosas aprendidas con gusto se recuerdan para toda la vida,Les choses apprises avec plaisir restent gravées dans les mémoires pour la vie
আমার বপা মরিছে কাদে ডিঙ্গও নেই,আমার দাদু মারা গেছে কাঁদে দেবার লোক নাই,My grandfather is dead and there is no one to cry for,我的祖父去世了，没有人可以为我哭泣,मेरे दादाजी मर चुके हैं और उनके लिए रोने वाला कोई नहीं है,Mi abuelo está muerto y no hay nadie por quien llorar.,Mon grand-père est mort et il n'y a personne pour qui pleurer
আজি তে শয়ন,আজকে শয়ন,sleep today,今天睡觉,आज सो जाओ,dormir hoy,dormir aujourd'hui
কিমে কিসারে,কেমনে কি,how,如何,कैसे,cómo,comment
ভাত খেইলে গ,ভাত খেয়েছ,ate rice,吃了米饭,चावल खाया,comió arroz,mangé du riz
নিক্কা নিক্কা তর হপন দেহেরু,প্রতিদিন তুমাকে স্বপ্নে দেখি,I dream of you every day,我每天都梦见你,मैं हर दिन तुम्हारा सपना देखता हूं,sueño contigo todos los dias,Je rêve de toi tous les jours
অ বগা হমাছি,অ সখা/বন্ধুবর বক পাখি,A non-friend bird,一只非朋友鸟,एक गैर मित्र पक्षी,Un pájaro no amigo,Un oiseau non-ami
তিতে কোহান যাওরিগা,তুমি কোথায় যাচ্ছ,where are you going,你要去哪里,आप कहां जा रहे हैं,¿adónde vas?,où vas-tu
মর সৌগ,আমার বাচ্চা/বাবু,my baby/baby,我的宝贝/宝贝,मेरा बच्चा/बच्चा,mi bebe/bebe,mon bébé/bébé
মরক শি খেয়া,মরিচ খেয়ে,Eating chili,吃辣椒,मिर्च खाना,comiendo chile,Manger du chili
গাটর পারে,নদীর ধারে,by the river,在河边,नदी द्वारा,por el río,au bord de la rivière
ওহা ওহা কাদিরি,উহা উহা করে কাদতেছে,It is crying,它在哭泣,यह रो रहा है,esta llorando,Il pleure
মারুপ হাবি তিলোরাঙ আজি,আজকে সব বন্ধুরা মিলিত হবো,Today all friends will meet,今天所有的朋友都会见面,आज सभी दोस्तों से मुलाकात होगी,Hoy todos los amigos se reunirán.,"Aujourd'hui, tous les amis se rencontreront"
প্রণবর দোকানগত খানারতা হুয়াত অর,প্রণবের দোকানের খাবার অনেক মজা হয়,Food at Pranab's shop is a lot of fun,Pranab 店里的食物很有趣,प्रणब की दुकान का खाना बहुत मजेदार है,Comer en la tienda de Pranab es muy divertido.,La nourriture à la boutique de Pranab est très amusante
কতদিন ইল বরন নাদের,কয়েকদিন ধরে বৃষ্টি হচ্ছে না,It hasn't rained for days,好几天没下雨了,कई दिनों से बारिश नहीं हुई है,Hace días que no llueve,Il n'a pas plu depuis des jours
এমতাগার ফিরা রথ হান নুঙেই ইসিল,এবছরের উলটোরথে প্রচুর মজা হয়েছে,This year's reverse has been a lot of fun,今年的逆转很有趣,इस साल का उलटा बहुत मजेदार रहा,El revés de este año ha sido muy divertido.,L'inverse de cette année a été très amusant
হউপাত কুটিয়া নম্পর থক্ক,সবজি কুটে শেষ করো তাড়াতাড়ি,Finish chopping the vegetables quickly,快速切完蔬菜,जल्दी से सब्जियाँ काटना ख़त्म करो,Termina de picar las verduras rápidamente.,Finissez de hacher les légumes rapidement
হজক,ঔষুধ,medicine,药品,दवा,medicamento,médecine
জুলর হও আহান খানা আহের হে,জুলের কারি খেতে ইচ্ছা করতেছে,Jules wants to eat curry,朱尔斯想吃咖喱,जूल्स करी खाना चाहता है,Jules quiere comer curry.,Jules veut manger du curry
আজি একাদশী,আজকে একাদশী,Today is Ekadashi,今天是埃卡达西,आज एकादशी है,Hoy es Ekadasi,Aujourd’hui c’est Ekadashi
তি মাতর অহানে হবা ইসে,তুমি যা বলছো তাই ভাল,What you say is good,你说的都好,आप जो कहते हैं वह अच्छा है,lo que dices es bueno,Ce que tu dis est bien
টাউনে থাইতারা মানুশৌ ইমার ঠার দেনা নিয়ারতা,টাউনে থাকা মণিপুরি শিশুরা মাতৃভাষায় কথা বলতে পারে না,Manipuri children in town cannot speak mother tongue,镇上的曼尼普尔邦儿童不会说母语,शहर में मणिपुरी बच्चे मातृभाषा नहीं बोल सकते,Los niños de Manipuri en la ciudad no pueden hablar su lengua materna,Les enfants de Manipuri ne parlent pas leur langue maternelle
বাপকর লগে তিক সউয়িয়া শৌ গ নিকুলিয়া গিয়াসে গরেত্তো,বাবার সাথে রাগ করে ছেলেটা বাড়ি থেকে নের হয়ে গিয়েছে,"Angry with his father, the boy ran away from home",男孩对父亲生气，离家出走,पिता से नाराज होकर लड़का घर से भाग गया,"Enojado con su padre, el niño se escapó de casa","En colère contre son père, le garçon s'est enfui de chez lui"
গপ্পারা তি গরে থাইলে মি নিকুলানি পারুরি নাই,তুমি একটু বাড়িতে থাকলে আমি বের হতে পারি,I can go out if you stay home for a while,如果你呆在家里一段时间我可以出去,यदि आप कुछ देर घर पर रहें तो मैं बाहर जा सकता हूँ,Puedo salir si te quedas en casa un rato,Je peux sortir si tu restes à la maison pendant un moment
আজি চকথা হানে কাম কিতা করানি নাহের,আজকে আর কাজ করতে ইচ্ছে করছে না ক্লান্তিতে,I don't want to work anymore because of tiredness,因为累不想再工作了,मैं थकान के कारण अब और काम नहीं करना चाहता,ya no quiero trabajar por cansancio,Je ne veux plus travailler à cause de la fatigue
আমি আরাকদিন যিতাঙাইগা,আমরা আরেকদিন যাবো,We will go another day,我们改天再去,हम दूसरे दिन जायेंगे,nos iremos otro dia,Nous irons un autre jour
অরে গাঙ অহাত আমার সাকেই নেই,ওই গ্রামে আমাদের কোন আত্মীয় নেই,We have no relatives in that village,我们在那个村子里没有亲戚,उस गांव में हमारा कोई रिश्तेदार नहीं है,No tenemos parientes en ese pueblo.,Nous n'avons aucun parent dans ce village
পিসরলেকিত মানু আগো দৌ ইসে,পশ্চিম পাড়ায় একজন লোক মারা গেছে,A man died in the western suburbs,一名男子在西郊死亡,पश्चिमी उपनगर में एक आदमी की मौत हो गई,Un hombre murió en los suburbios del oeste.,Un homme est mort en banlieue ouest
যিতাঙাইগা নাই আমি আরাকদিন,আমরা নাহয় আরেকদিন যাবো,We will go another day,我们改天再去,हम दूसरे दिन जायेंगे,nos iremos otro dia,Nous irons un autre jour
আলু বেইলঙনো মাছ হিজাসু আজি,আলু বেগুন দিয়ে মাছের তরকারি রেধেছি আজকে,I cooked fish curry with potatoes and eggplant today,我今天用土豆和茄子做了咖喱鱼,मैंने आज आलू और बैंगन के साथ मछली करी बनाई,Hoy cociné pescado al curry con patatas y berenjenas.,J'ai cuisiné du poisson au curry avec des pommes de terre et des aubergines aujourd'hui
কিহান মাতানি নাদরহান,কি বলতে দিচ্ছোনা,What are you saying?,你在说什么？,आप क्या कह रहे हैं?,¿Qué estás diciendo?,Qu'est-ce que tu dis?
মি হান্নাপাসু,আমি জানিনা,i don't know,我不知道,मुझें नहीं पता,no sé,je ne sais pas
সাঙুইয়া থাইলে এন্ট্রি দিতউ,অবসর থাকলে এন্ট্রি দিবো,I will enter if I have time,如果有时间我会进入,यदि मेरे पास समय होगा तो मैं प्रवेश करूंगा,entraré si tengo tiempo,J'entrerai si j'ai le temps
লালুইলে ঙাক্করেদিস,ভুল হলে ক্ষমা করে দিও,Forgive me if I am wrong,如果我错了请原谅我,अगर मैं गलत हूं तो मुझे माफ कर देना,Perdóname si me equivoco,Pardonne-moi si je me trompe
মানুর ঠারর লেরিক আহান্ন বহিলে এন্ট্রি দেনা নুঙেই ইতই,মাতৃভাষার একটা বই নিয়ে বসলে সহজে এন্ট্রি দেয়া যাবে,"If you sit with a book in your mother tongue, you can enter easily",如果你拿着一本母语的书坐着，你就可以轻松进入,अगर आप अपनी मातृभाषा में किताब लेकर बैठें तो आसानी से प्रवेश कर सकते हैं,"Si te sientas con un libro en tu lengua materna, podrás entrar fácilmente","Si vous êtes assis avec un livre dans votre langue maternelle, vous pouvez facilement entrer"
হউহানি দখিল চালাক্করে জিগ লিবা,তরকারি পুড়ে গেছে তাড়াতাড়ি আগুন নেভাও,Curry is burnt quickly put off the fire,咖喱烧焦了赶紧关火,करी जल गयी है जल्दी से आग बुझा दीजिये,El curry se quema rápidamente y apaga el fuego.,"Le curry est brûlé, éteignez rapidement le feu"
কামহান জবর হিনুইসে,কাজটি খুবই কষ্টকর,The work is very difficult,工作非常困难,काम बहुत कठिन है,el trabajo es muy dificil,Le travail est très difficile
কিতা ইসেথাঙ?,কি হয়ছে?,what happened,发生了什么,क्या हुआ,qué sucedió,ce qui s'est passé
কালি বাজারবার ইয়া মাঙকেই মাঙে রথ হান নিকালা নুয়ারিসি,গতকাল হাটবার থাকায় তেতইগাঁও রথ বের করতে পারেনি,Tetigaon could not take out the chariot because of the Hatbar yesterday,昨天泰提冈因为哈特巴尔的原因无法取出战车,कल हटबार के कारण टेटीगांव रथ नहीं निकाल सका,Tetigaon no pudo sacar el carro debido al Hatbar de ayer.,Tetigaon n'a pas pu sortir le char à cause du Hatbar hier
বাজারে এপাগা মরকসি তাঙুইসে,বাজারে এখন মরিচের দাম বেশি,The price of pepper is high in the market now,目前市场花椒价格较高,बाजार में अभी काली मिर्च की कीमत ऊंची है,El precio de la pimienta ahora es alto en el mercado,Le prix du poivre est actuellement élevé sur le marché
বাজারেতো মরকসি আনিস,বাজার থেকে মরিচ এনো,Bring pepper from the market,从市场上买辣椒,बाजार से काली मिर्च ले आओ,Trae pimienta del mercado.,Apportez du poivre du marché
এপাগা কুঙ্গ কুঙ্গ এরে লেখা অহন পাকররাইতা?,এখন কে কে এই লেখাটি পড়ছো?,Who is reading this text now?,现在谁在读这篇文章？,अब यह पाठ कौन पढ़ रहा है?,¿Quién está leyendo este texto ahora?,Qui lit ce texte maintenant ?
মি লেখুরি অতা হবা লাগেরতা?,আমার লেখাগুলো কি ভালো লাগছে?,Do you like my writing?,你喜欢我写的文章吗？,क्या आपको मेरा लेखन पसंद है?,¿Te gusta mi escritura?,Aimez-vous mon écriture?
আজি একাদশী,আজকে একাদশী,Today is Ekadashi,今天是埃卡达西,आज एकादशी है,Hoy es Ekadasi,Aujourd’hui c’est Ekadashi
আজি জবর গরম ইছে,আজকে প্রচণ্ড গরম,Today is very hot,今天很热,आज बहुत गर्मी है,hoy hace mucho calor,Aujourd'hui il fait très chaud
মোর প্রেমিকাগতে নাবেনাই তি,তি হবাপেইতেই অক্ক হুদ্দা লেখে নারিম,Ti Habapeitei Akk Hudda Lekhe Narim,蒂哈巴佩泰 Akk Hudda Lekhe Narim,ती हबापेइतेई अक्क हुडा लेखे नारीम,Ti Habapeitei Akk Hudda Lekhe Narim,Ti Habapeitei Akk Hudda Lekhe Narim
তি শৌগ,তি অতা হারনাপেইবে,You will lose,你会输的,तुम हार जाओगे,perderás,Tu perdras
সউকরাহান জবর ইসে অহত্তে আমি কিতা করতাং?,বেশ গরম পড়ছে তো আমরা কি করবো?,"It's getting hot, so what do we do?",天气越来越热了，我们该怎么办呢？,"गर्मी बढ़ रही है, तो हम क्या करें?","Hace calor, ¿qué hacemos?","Il fait chaud, alors qu'est-ce qu'on fait ?"
আজি সাকলসেল,হেলকরৌরিগ মি,Helkeraurig Mr,赫尔克奥里格先生,हेलकेराउरिग श्रीमान,Helkeraurig Sr.,Helkeraurig Monsieur
মানু এগ বেদত্ব বারা ইসে,লোকটি সহ্য সীমার বাইরে,The man is out of tolerance,男人已经无法承受,आदमी बर्दाश्त के बाहर है,El hombre está fuera de tolerancia.,L'homme est hors de tolérance
তিতে বুজনগ ইয়াবল্লেগা সাত দা?,তুমি কি তাহলে মুরুব্বি হয়ে গেছো দাদা?,"Did you become a mulberry, grandfather?",爷爷，你变成桑树了吗？,क्या आप शहतूत बन गए दादा?,"¿Te convertiste en morera, abuelo?","Es-tu devenu mûrier, grand-père ?"
সউগি পনাপনি খেলতারা,বাচ্চারা লুকোচুরি খেলছে,Children playing hide and seek,孩子们在玩捉迷藏,बच्चे लुका-छिपी खेल रहे हैं,Niños jugando al escondite,Enfants jouant à cache-cache
অদি অগ কুঙ্গ থাং,মোরতা জবর হারপানি আহবল্গা,Morta Jabar Harpani Ahbalga,莫尔塔·贾巴尔·哈帕尼·阿巴尔加,मोर्ता जबर हरपानी अहबलगा,Morta Jabar Harpani Ahbalga,Morta Jabar Harpani Ahbalga
নিঙলশৌ এগ চুনা ইসে,মেয়েটি অনেক সুন্দর,The girl is very beautiful,女孩很漂亮,लड़की बहुत सुन्दर है,la chica es muy hermosa,La fille est très belle
অহন বারো কিজাত নাংহান,ওটা আবার কেমন নাম,What is that name again?,那个名字又是什么？,वह नाम फिर क्या है?,¿Cuál es ese nombre de nuevo?,C'est quoi ce nom déjà ?
নংসাং দিন পরে দেখা ইল,অনেক দিন পর দেখা হল,We met after a long time,我们很久之后才见面,हम बहुत दिनों बाद मिले,Nos conocimos después de mucho tiempo.,Nous nous sommes rencontrés après un long moment
জেলা শৌগ তিক হান জবর ইসে,মেয়েটির রাগ অনেক বেশি,The girl is very angry,女孩很生气,लड़की बहुत गुस्से में है,la chica esta muy enojada,La fille est très en colère
কামহান হাংকাতো লইকরিয়া হদেইলো,কাজটি সেই কবেই শেষ করেছে,The work was finished at that time,当时工作已经完成,उस समय काम ख़त्म हो चुका था,La obra estaba terminada en ese momento.,Les travaux étaient terminés à cette époque
লেখাহাত দাড়ি কমা নাদরাইতা কিদিয়া?,লেখায় দাড়ি কমা ব্যবহার করছো না কেন?,Why don't you use commas in writing?,写作时为什么不使用逗号？,आप लेखन में अल्पविराम का प्रयोग क्यों नहीं करते?,¿Por qué no utilizas comas al escribir?,Pourquoi n'utilisez-vous pas de virgules pour écrire ?
তোমার লগে মি নারিম,তোমাদের সাথে আমি পারবো না,I can't with you,我不能和你在一起,मैं तुम्हारे साथ नहीं रह सकता,no puedo contigo,je ne peux pas avec toi
হাবির বাহানার পাত্র গ অনা হীন,সবার ভালবাসার পাত্র হওয়া কঠিন,It is difficult to be loved by everyone,想要得到所有人的喜爱是一件很困难的事,हर किसी से प्यार पाना कठिन है,Es difícil ser amado por todos.,Il est difficile d'être aimé de tout le monde
খবলগ মজপরসেগা,ছিড়েবেলেই,When torn,撕破时,जब फट गया,cuando se rompe,Quand déchiré
কতগই তরে বাহানা পেইতাই,কিছু মানুষ আপনাকে ভালবাসবে,Some people will love you,有些人会爱你,कुछ लोग आपसे प्यार करेंगे,Algunas personas te amarán,Certaines personnes t'aimeront
কত গই তরে মন্দ মাত্তাই,কিছু মানুষ মন্দ বলবে,Some people will say evil,有人会说邪恶,कुछ लोग बुरा कहेंगे,Algunas personas dirán mal,Certaines personnes diront du mal
আমার সপাহাত হুয়া আগ দরিসে,আমাদের গাছে একটা শসা ধরেছে,A cucumber has caught on our tree,一根黄瓜挂在我们的树上,हमारे पेड़ पर एक खीरा लग गया है,Un pepino se ha enganchado en nuestro árbol.,Un concombre s'est accroché à notre arbre
বহে বহে মোবাইল গুতিয়া থারাই সাত আস্তা দিনহান?,সারাদিন বসে বসে মোবাইল টিপো মনে হয়?,Do you feel like sitting on a mobile phone all day?,您是否想整天坐在手机上？,क्या आपका मन पूरे दिन मोबाइल फोन पर बैठे रहने का करता है?,¿Tienes ganas de estar sentado frente a un teléfono móvil todo el día?,Avez-vous envie de rester assis toute la journée sur votre téléphone portable ?
যেগই হাবিরে হবা মাত্তারা অগ নিহসন্দেহে জবর চালাকা মানুগ,যাকে সবাই ভালো বলে সে নিঃসন্দেহে খুব চালাক মানুষ,The one whom everyone calls good is undoubtedly a very clever person,人人都说好的人无疑是一个非常聪明的人,"जिसे सब लोग अच्छा कहते हैं, वह निस्संदेह बहुत चतुर व्यक्ति है",Aquel a quien todos llaman bueno es sin duda una persona muy inteligente.,Celui que tout le monde appelle bon est sans aucun doute une personne très intelligente
যেথাগরে অসারে মাতানি অওনানেই,বড়দেরকে এভাবে বলা উচিত নই,Adults should not be told this way,不应该这样告诉成年人,बड़ों को इस तरह नहीं बताना चाहिए,A los adultos no se les debe decir esto de esta manera,On ne devrait pas dire cela aux adultes
বেলেই গুজে হিনুইছে,বাদ দাও তো বেশ কষ্টসাধ্য,It is very difficult to quit,戒烟非常困难,इसे छोड़ना बहुत कठिन है,Es muy dificil dejarlo,C'est très difficile d'arrêter
মি শিয়ানপাগা নাগই,আমি চালাক নই,I'm not clever,我不聪明,मैं चतुर नहीं हूँ,no soy inteligente,je ne suis pas intelligent
হুরকাঙ শৌরে থারানি গমনেই,ছোটদের গালি দেয়া উচিত নই,Children should not be abused,儿童不应该受到虐待,बच्चों के साथ दुर्व्यवहार नहीं करना चाहिए,No se debe abusar de los niños,Les enfants ne devraient pas être maltraités
মি হুদ্দা চিলক্সের বার্গার খানা চাওরি,আমি কেবল চিলেক্সের বার্গার খাইতে চাই,I just want to eat a Chilex burger,我只想吃Chilex汉堡,मैं बस चिलीक्स बर्गर खाना चाहता हूं,solo quiero comerme una hamburguesa chilex,Je veux juste manger un burger Chilex
হাব্বিয়ে হুনেই- এসারে নাইবো,সবাই শোন- এভাবে হবেনা,Everyone listen - it won't happen like this,大家听着——不会发生这样的事,सब सुनो- ऐसा नहीं होगा,"Escuchen todos, esto no sucederá así.","Tout le monde écoute, ça n'arrivera pas comme ça"
উসই ইরলপা খানা আহের,কচি বাশের আগা কেটে ছোট ছোট করে চাটনি খেতে ইচ্ছা করে,The little one wants to eat the chutney by cutting it into small pieces,小家伙想把酸辣酱切成小块来吃,छोटा बच्चा चटनी को छोटे-छोटे टुकड़ों में काटकर खाना चाहता है,El pequeño quiere comerse el chutney cortándolo en trozos pequeños,Le petit veut manger le chutney en le coupant en petits morceaux
কিসারে ইতই অহন কালি বিয়ানে বাগাইতউ,কিভাবে হবে তা আগামীকাল সকালে বলবো,I will tell you tomorrow morning how it will be,明天早上我会告诉你情况如何,मैं तुम्हें कल सुबह बताऊंगा कि यह कैसा होगा,Mañana por la mañana te diré cómo será.,Je te dirai demain matin comment ça va se passer
লেমটল গ জালা,হাড়িকেন জালাও,Hariken Jalao,哈里肯·贾劳,हरिकेन जलाओ,Hariken Jalao,Hariken Jalao
হ ইমা এহেন কিহান হে,ও মা এটা কি,Oh mother what is it,哦妈妈这是什么,अरे माँ ये क्या है,"Oh madre, ¿qué es?","Oh maman, qu'est-ce que c'est"
ভাতর বকগই নাকরলো,প্রচুর খিদা লাগছে,Very hungry,很饿,बहुत भूख लगी है,mucha hambre,Très faim
কিতা হিজা সত গ,কি রান্না কর,cook what,煮什么,क्या पकाओ,cocinar que,cuisiner quoi
মিতে আকিহান ভুল করেবেলাউরি সাত,অতা কিক্ক চুমকরানি?,Ata kikk chumkarani?,Ata kikk chumkarani？,अता किक्क चुमकरानी?,¿Ata kikk chumkarani?,Ata kikk chumkarani ?
চামবুত হিজাওরি,সিদ্দ তরকারি রান্না করি,I cook Sidd curry,我煮西德咖喱,मैं सिड करी बनाती हूं,Yo cocino curry Sidd,Je cuisine du curry Sidd
পানি ফুটি পিনা আহের হে,পানি খেতে ইচ্ছা করতেছে,He wants to drink water,他想喝水,वह पानी पीना चाहता है,el quiere beber agua,Il veut boire de l'eau
অদি'র ঘরগ ঘোড়ামারা গাঙে,অদির বাড়ি ঘোড়ামারা গ্রামে,Adi's house is in Ghoramara village,阿迪的家位于古拉马拉村,आदि का घर घोरमारा गांव में है,La casa de Adi está en el pueblo de Ghoramara.,La maison d'Adi se trouve dans le village de Ghoramara
আজিকালিকার শৌ এতা বেত্তমিস ইসি,ইদানিং কালের বাচ্চাগুলো খুবই দুরন্ত,Kids these days are very fastidious,现在的孩子都很挑剔,आजकल के बच्चे बहुत तेज़-तर्रार होते हैं,Los niños de hoy en día son muy exigentes.,Les enfants de nos jours sont très exigeants
ঙাহাক আহান নিকালিয়া আমারাঙ আহিস,সময় বের করে বাসায় এসো,Take your time and come home,慢慢来，回家吧,अपना समय लो और घर आओ,Tómate tu tiempo y vuelve a casa.,Prends ton temps et rentre à la maison
হাদ্দাপেয়া লহঙ করিয়া কিহানতে কানা ইল?,এত পছন্দ করে বিয়ে করে কি লাভ হলো?,What is the benefit of marrying so much?,结婚这么多有什么好处？,इतनी शादी करने से क्या फायदा?,¿Cuál es el beneficio de casarse tanto?,Quel est l’avantage de se marier autant ?
ঠেইপংগ মজিয়া কর্তাগই খেয়া থসে,কাঠাল পেকে যাওয়ায় কাঠবিড়ালি খেয়েছে,Squirrels ate the wood as it ripened,松鼠在木头成熟时吃掉它,लकड़ी पकने पर गिलहरियाँ उसे खा जाती थीं,Las ardillas se comieron la madera mientras maduraba.,Les écureuils mangeaient le bois à mesure qu'il mûrissait
ঘরগ এরাদিয়া যানা নাহের,বাড়ি ছেড়ে যেতে ইচ্ছে করে না,Don't want to leave home,不想离开家,घर छोड़ना नहीं चाहता,no quiero salir de casa,Je ne veux pas quitter la maison
জোলাকগ হবা ইয়া নিকুলিসে,আকাশে সুন্দর চাঁদ উঠেছে,A beautiful moon has risen in the sky,一轮美丽的月亮已经升上了天空,आकाश में एक सुन्दर चाँद उग आया है,Una hermosa luna ha salido en el cielo.,Une belle lune s'est levée dans le ciel
তুমিতে আমার সাকেই নায়,তোমরা আমাদের আত্মীয়,You are our relatives,你是我们的亲人,आप हमारे रिश्तेदार हैं,ustedes son nuestros parientes,Vous êtes nos proches
মি নাহিম,আমি আসবো না,i won't come,我不会来,मैं नहीं आऊंगा,no vendré,je ne viendrai pas
মর কথাহান হুন গপ্পারা,আমার কথা শোন একটু,Listen to me,听我说,मेरी बात सुनो,escúchame,Écoutez-moi
তর সাক্তাহান দেখানি নাহের,তুমার মুখ দেখতে চাই না,I don't want to see your face,我不想看到你的脸,मैं तुम्हारा चेहरा नहीं देखना चाहता,no quiero ver tu cara,Je ne veux pas voir ton visage
কত চুনা ইসে হানে,কি সুন্দর,how beautiful,多么美丽,कितनी सुंदर है,Qué hermoso,comme c'est beau
তি মিয়ে এক লগে যিকগা,তুমি আমি একসাথে যাব,You and I will go together,你和我会一起走,आप और मैं साथ चलेंगे,tu y yo iremos juntos,Toi et moi irons ensemble
তর কঙালা মুকসি হান মি বিবুলা ইলু,তুমার মায়াবি হাসি দেখে আমি পাগল হয়েছি,I am crazy seeing your magical smile,看到你神奇的笑容我很疯狂,मैं तुम्हारी जादुई मुस्कान देखकर पागल हो गया हूं,Estoy loco al ver tu mágica sonrisa.,Je suis fou de voir ton sourire magique
তর কঙালা মুকসি হান দেহিয়া মি বিভুলা ইলু,তোমার মায়াবী হাসি দেখে আমি পাগল হয়ে গেলাম,I went crazy after seeing your magical smile,看到你神奇的笑容后我疯了,तुम्हारी जादुई मुस्कान देखकर मैं पागल हो गया,Me volví loco después de ver tu mágica sonrisa.,Je suis devenu fou après avoir vu ton sourire magique
তরে মি পাহুরে নয়ারিম,তোমাকে আমি ভুলতে পারবো না,I can't forget you,我无法忘记你,मैं तुम्हें भूल नहीं सकता,no puedo olvidarte,Je ne peux pas t'oublier
দেরিছাগ পরিল,এপাগাও ভাত হিজা নারলু,Apagao rice hija narlu,阿帕高米 hija narlu,अपागाओ चावल हिजा नारलु,Arroz apagao hija narlu,Riz Apagao hija narlu
আখিগ সেরেন্দা করিয়া নাচেই,বাকো চোখে চেয়ো না,Don't look it in the eyes,别看它的眼睛,इसे आंखों में मत देखो,No lo mires a los ojos,Ne le regarde pas dans les yeux
সাক্ষাৎ দৌ জেলাগহে,দেবীর মতো সুন্দর,Beautiful like a goddess,像女神一样美丽,देवी की तरह सुंदर,Hermosa como una diosa,Belle comme une déesse
তেম্পাক বিদিয়া হেইনু ছিড়ানি,ঢিল ছোড়ে আম পারা,Throwing stones and getting mangoes,扔石头并得到芒果,पत्थर फेंको और आम पाओ,Tirando piedras y consiguiendo mangos,Jeter des pierres et récupérer des mangues
কথাহানতে চুমমোসে,সত্য কথা,the truth,真相,सच्चाई,la verdad,la vérité
বরনহানে নিকুলে নারলু,বৃষ্টির জন্য বের হতে পারি নাই,I could not go out because of the rain,因为下雨我不能出去,बारिश के कारण मैं बाहर नहीं जा सका,No pude salir por la lluvia.,Je ne pouvais pas sortir à cause de la pluie
আজি মি হেলকরিসু,আজ আমার ব্রত,Today is my vow,今天是我的誓言,आज मेरा व्रत है,Hoy es mi voto,Aujourd'hui c'est mon vœu
দিনহান গুজুরার,আকাশ ডাকে,the sky calls,天空在呼唤,आकाश बुलाता है,el cielo llama,le ciel appelle
তা গুজুরার/অতারার,সে কথা বলছে,he is talking,他正在说话,वह बात कर रहा है,el esta hablando,il parle
জানে আকাটাগ পারা ইয়া নাচিরি,কোন ধারনা ছাড়াই সে(স্ত্রী) নাচে,She (wife) dances without any idea,她（妻子）毫无想法地跳舞,वह (पत्नी) बिना किसी विचार के नाचती है।',Ella (esposa) baila sin tener idea.,Elle (femme) danse sans aucune idée
তরে নিয়া হিনপানিত পরলু,তোমাকে নিয়ে ঝামেলায় থাকব,I will be in trouble with you,我会给你带来麻烦,मैं तुम्हारे साथ मुसीबत में पड़ जाऊंगा,estaré en problemas contigo,j'aurai des ennuis avec toi
সুনীতির এলাহান নুঙশি ইসে,সুনীতির গানটা শ্রুতিমধুর,Suniti's song is melodious,苏尼蒂的歌旋律优美,सुनीति का गाना मधुर है,La canción de Suniti es melodiosa.,La chanson de Suniti est mélodieuse
উরসর যন্ত্রনায় গুনজা নারলু,ছাড়পোকার যন্ত্রনায় ঘুম হয় নাই,I did not sleep because of the pain of the tick,由于蜱虫的疼痛，我没有睡觉,टिक के दर्द के कारण मुझे नींद नहीं आई,No dormí por el dolor de la garrapata.,Je n'ai pas dormi à cause de la douleur de la tique
খল সপা সেদা বেললাঙ,কলা গাছ কেটে ফেলেছি,I cut down the banana tree,我砍倒了香蕉树,मैंने केले का पेड़ काट दिया,Corté el plátano,J'ai coupé le bananier
খুত্তেই হান দে,গামছাটা দাও,give me the towel,把毛巾给我,मुझे तौलिया दो,dame la toalla,donne-moi la serviette
হপনে দেখলু টাঙখায় টাঙখায় আম্বারগ ইসে,স্বপ্নে দেখলাম শুধু টাকা আর টাকা,I saw only money and money in my dream,我在梦里只看到钱和钱,मैंने सपने में सिर्फ पैसा ही पैसा देखा,Solo vi dinero y dinero en mi sueño.,Je n'ai vu que de l'argent et de l'argent dans mon rêve
আমার টিভিহান বেদুরুস ইসে,আমাদের টিভি নষ্ট,Our TV is broken,我们的电视坏了,हमारा टीवी टूट गया है,Nuestro televisor está roto,Notre télé est en panne
মাঙ্গারা আগ ফুটকর,মিষ্টি আলু সিদ্ধ করো,Boil the sweet potato,将红薯煮沸,शकरकंद को उबाल लें,Hervir la batata,Faire bouillir la patate douce
মহরীহান টাঙা,মশারীটা টানাও,Pull the mosquito net,拉开蚊帐,मच्छरदानी खींचो,Tira del mosquitero,Tirez la moustiquaire
সাত অহান হিনচাপীগ পারা,রাক্ষসীর মতো চেহারা,Looks like a demon,看起来像一个恶魔,एक राक्षस की तरह लग रहा है,Parece un demonio,On dirait un démon
য়ারিপরি দিয়া মনহান চামইল,গল্পগুজব করে আনন্দ পেলাম,I enjoyed the story,我喜欢这个故事,मैंने कहानी का आनंद लिया,Disfruté la historia,J'ai apprécié l'histoire
সুপও নাদেখিসু তারে,তাকে কখনো দেখিনি,Never seen him,从没见过他,उसे कभी नहीं देखा,Nunca lo he visto,Je ne l'ai jamais vu
যিকগা,নিকন খেলিকগা,Nikon Khelikaga,尼康赫利卡加,निकॉन खेलिकागा,Nikon Khelikaga,Nikon Khélikaga
আপাবপার কথা হুনানি থক,মুরুব্বিদের কথা শোনা উচিত,The teachers should be listened to,应该听老师的话,शिक्षकों की बात सुनी जानी चाहिए,Hay que escuchar a los profesores,Les enseignants doivent être écoutés
হবা হবা ফুতি কুরাংত লইলেতা,ভাল ভাল কাপড় কোথায় থেকে কিনেছ,Where did you buy the good clothes?,好衣服哪里买的？,आपने अच्छे कपड़े कहाँ से खरीदे?,¿Dónde compraste la ropa buena?,Où as-tu acheté les bons vêtements ?
লামুইয়ে রুহিতারা,শিয়াল  ডাকছে,The fox is calling,狐狸在呼唤,लोमड़ी बुला रही है,el zorro esta llamando,Le renard appelle
বাবা র সৌকরাহানে নাকর ল,খুব গরম লাগতেছে,It feels very hot,感觉很热,बहुत गर्मी लगती है,se siente muy caliente,Il fait très chaud
চান্দুয়া গ কি চুনাহান হে,চাঁদ দেখতে কি সুন্দর,How beautiful the moon looks,月亮看起来多么美丽,चांद कितना खूबसूरत लग रहा है,Que hermosa se ve la luna,Comme la lune est belle
মানুঅতা কিয়া লেহাউশপাৎ লাল্লাম ইতারাতা,মানুষেরা কেন চাঁপাগাছে ঝুলে থাকে,Why do people hang from trees?,人为什么要挂在树上？,लोग पेड़ों से क्यों लटकते हैं?,¿Por qué la gente se cuelga de los árboles?,Pourquoi les gens se pendent-ils aux arbres ?
লাংতিয়ার অসারে আখিগি,শকুনের মতো চোখ,Eyes like a vulture,眼睛像秃鹫,गिद्ध जैसी आँखें,Ojos como un buitre,Des yeux comme un vautour
বিসিরাহাত্ব হওপাত খানি আংগা,সবজি বাগান থেকে কিছু সবজি নিয়ে এসো,Bring some vegetables from the vegetable garden,从菜园里带来一些蔬菜,सब्जी के बगीचे से कुछ सब्जियाँ ले आओ,Trae algunas verduras del huerto.,Apportez quelques légumes du potager
খাঞ্জাগত মাছ নেয়োসি,ডোবাতে মাছ নাই,There is no fish in the sink,水槽里没有鱼,सिंक में कोई मछली नहीं है,No hay peces en el fregadero,Il n'y a pas de poisson dans l'évier
তরে না দেখিসুতা নঙশাঙ ইল,তোমাকে দেখি দীর্ঘদিন হল,It's been a long time since I saw you,自从我见到你已经很久了,बहुत दिन हो गए तुम्हें देखे हुए,Ha pasado mucho tiempo desde que te vi,Cela fait longtemps que je ne t'ai pas vu
চে আহাননো কুইকরিয়া বাদ,একটি কাগজ দিয়ে পেঁচিয়ে বাঁধো,Wrap with a paper,用纸包起来,एक कागज से लपेटें,Envolver con un papel,Envelopper avec un papier
হউহান নুন খানি চামুইসে,তরকারিটায় লবণের একটু ঘাটতি আছে,There is a little lack of salt in the curry,咖喱有点少盐,सब्जी में नमक की थोड़ी कमी है,Le falta un poco de sal al curry.,Il manque un peu de sel dans le curry
বেনীগ বুরিল,সূর্যটা ডুবেছে,The sun has set,太阳已经落山了,सूर्य देव सो गए,El sol se ha puesto,Le soleil s'est couché
আমারতা লেমতল আগো আসে,আমাদের একটি হারিকেন আছে,We have a hurricane,我们有飓风,हमारे पास एक तूफान है,tenemos un huracan,Nous avons un ouragan
উমেইহান আনিয়া বউদেতা,হাতপাখাটা এনে বাতাস করো তো,Bring the fan and air it,带上风扇吹一下,पंखा लाओ और हवा करो,Trae el ventilador y airealo.,Apportez le ventilateur et aérez-le
দিনে দিনে বাজারর জিনিস তাঙোযারগা,দিন দিন বাজারজাত দ্রব্য ব্যয়বহুল হয়ে যাচ্ছে,Marketed products are becoming expensive day by day,市场上的产品日益昂贵,बाजारू उत्पाद दिन-ब-दिन महंगे होते जा रहे हैं,Los productos comercializados se encarecen día a día,Les produits commercialisés deviennent de jour en jour chers
তাঙি তাঙখা আছি মানু,তারা টাকাওয়ালা লোক,They are money people,他们是有钱人,वे पैसे वाले लोग हैं,son gente de dinero,Ce sont des gens d'argent
মরে খানি বাসিসতা,আমার একটু অপেক্ষা করো তো,Wait for me,等我,मेरा इंतजार करना,Espérame,Attendez-moi
লেরিক তামকরিয়া না মাঙুইবো,বই পড়া বৃথা যাবে না,Reading books will not be wasted,读书不会浪费,किताबें पढ़ना व्यर्थ नहीं जाएगा,Leer libros no será en vano,La lecture de livres ne sera pas gaspillée
খেলাহান নমিল,খেলাটা শেষ হলো,The game is over,游戏结束了,खेल समाप्त हो गया है,el juego ha terminado,Le jeu est terminé
দিয়দি তিকনাতিকনি আহান ইসি,দুজনের মধ্যে একটা মনোমালিন্য চলছে,There is a conflict between the two,两者之间有冲突,दोनों के बीच द्वंद चल रहा है,Hay un conflicto entre los dos.,Il y a un conflit entre les deux
দশ বারো বছর আগে পরল্লেই গুলা আহান আহিসিল,দশ বারো বছর আগে এক প্রলয়ংকরী বন্যা এসেছিল,Ten or twelve years ago there was a disastrous flood,十、十二年前，有一场特大洪水,दस-बारह वर्ष पहले भयंकर बाढ़ आई थी,Hace diez o doce años hubo una inundación desastrosa,"Il y a dix ou douze ans, il y a eu une inondation désastreuse"
হেনু এগো কত থুমিসেহান হে,আমটা যে কি মিষ্টি,That mango is sweet,那个芒果很甜,वह आम मीठा है,ese mango es dulce,Cette mangue est douce
বেনিটিকগত গরেতো না নিকুলিস,দুপুরে বাড়ি থেকে বেরোবে না,Do not leave home at noon,中午不要出门,दोपहर के समय घर से न निकलें,No salir de casa al mediodía,Ne quittez pas la maison à midi
মাদানে বুলাত নিকুলতও বুলিয়া নিঙকরিসু,বিকেলে ঘুরতে যাব ভেবেছি,I thought I would go for a walk in the afternoon,我本来想下午去散步,मैंने सोचा कि दोपहर को घूमने जाऊंगा,Pensé en salir a caminar por la tarde.,Je pensais aller me promener dans l'après-midi
তি আহিলেগো?,তুমি এসেছো?,have you come,你来了吗,आ गए तुम,¿Has venido?,es-tu venu
খউগততো ফুতিহানি নিকালা,থলে থেকে কাপড়গুলো বের করো,Take out the clothes from the bag,从包里拿出衣服,बैग से कपड़े निकालो,Saca la ropa de la bolsa.,Sortez les vêtements du sac
দারু অতা পাজালিয়া থনা লাগের,লাকড়িগুলো  সুবিন্যস্তভাবে রাখতে হয়,The sticks should be kept neatly,木棍应保持整齐,लकड़ियों को करीने से रखना चाहिए,Los palos deben mantenerse ordenados.,Les bâtons doivent être soigneusement conservés
মরতা মুরগো বুলার,আমার মাথাটা ঘোরাচ্ছে,My head is spinning,我的头在旋转,मेरा सिर घूम रहा है,mi cabeza esta dando vueltas,Ma tête tourne
না পাহুরিস,ভুলো না,don't forget,别忘了,मत भूलो,no lo olvides,n'oublie pas
নিঙশিঙ ইয়া থাইস,স্মরণে রেখো,keep in mind,记住,ध्यान रखें,tener en mente,garder à l'esprit
টেম্পাক বিদানি,ঢিল ছুঁড়ে মারা,throwing stones,扔石头,पत्थर फेंकना,arrojando piedras,jeter des pierres
মি ভাত খাওরি,আমি ভাত খাই,i eat rice,我吃米饭,मैं चावल खाता हुँ,yo como arroz,je mange du riz
কিসারে কিতা,কেমন আছেন,how are you,你好吗,आप कैसे हैं,Cómo estás,comment vas-tu ?
মি ভাত খাওরি,আমি ভাত খাই,i eat rice,我吃米饭,मैं चावल खाता हुँ,yo como arroz,je mange du riz
আজিকা আমার ঘরে ঘরর দৌ হমাইতায়,আজকে আমাদের বাড়িতে গৃহদেবতার পূজা হবে,Today we will worship the house deity in our house,今天我们来拜我们家的家神,आज हम अपने घर में गृह देवता की पूजा करेंगे,Hoy adoraremos a la deidad de la casa en nuestra casa.,"Aujourd'hui, nous adorerons la divinité de la maison dans notre maison"
ইমার থার পুনশি পালক,মাতৃভাষা অমর হোক,Let the mother tongue be immortal,让母语永垂不朽,मातृभाषा अमर रहे,Que la lengua materna sea inmortal.,Que la langue maternelle soit immortelle
নুঙসিপা বিয়ান,শুভ সকাল,good morning,早上好,शुभ प्रभात,buen día,bonjour
লেরিক তামপরানির গজে কিত্তাউ নেই,বই পড়ার উর্ধ্বে কিছু নেই,There is nothing better than reading books,没有什么比读书更好的了,किताबें पढ़ने से बेहतर कुछ नहीं है,No hay nada mejor que leer libros.,Il n'y a rien de mieux que de lire des livres
লিশিং লিশিং,হাজার হাজার,thousands of,数千,हज़ारों,miles de,des milliers de
আজি রাতি মণি এইগা দউ ইল,আজ রাত মণি ঠাকুর মারা গেছেন,Mani Tagore passed away tonight,玛尼·泰戈尔今晚去世,मणि टैगोर का आज रात निधन हो गया,Mani Tagore falleció esta noche,Mani Tagore est décédé ce soir
হবানেই খেন্তামে হুত্তুমে মারুপ চিনরাং,খারাপ সময়ে আসল বন্ধু চিনা যায়,Real friends are known in bad times,真正的朋友是在困难时期才认识的,बुरे वक्त में ही सच्चे दोस्तों की पहचान होती है,Los verdaderos amigos se conocen en los malos momentos.,Les vrais amis se connaissent dans les mauvais moments
আজি মি গারিগো নুয়ারিয়া স্কুলে না গিয়াসু,আজ আমি অসুস্থ হয়ে স্কুলে যায় নি,I didn't go to school today because I was sick,我今天没去上学，因为我病了,मैं आज स्कूल नहीं गया क्योंकि मैं बीमार था,No fui a la escuela hoy porque estaba enfermo.,Je ne suis pas allé à l'école aujourd'hui parce que j'étais malade
মণি এইগার দাহহাত নিয়াম মানু তিলুইসি,মণি ঠাকুরের অন্তেষ্টিক্রিয়ায় অনেক মানুষ একত্রিত হয়েছেন,Many people have gathered for the funeral of Mani Tagore,许多人聚集参加玛尼·泰戈尔的葬礼,मणि टैगोर के अंतिम संस्कार के लिए कई लोग जुटे हैं,Mucha gente se ha reunido para el funeral de Mani Tagore,De nombreuses personnes se sont rassemblées pour les funérailles de Mani Tagore
কাদাবারার মানুর লগে হবা ইয়া থাইক,প্রতিবেশীর সাথে সম্পর্ক ভাল থাকুক,Have good relations with neighbors,与邻居关系良好,पड़ोसियों से अच्छे संबंध रखें,Tener buenas relaciones con los vecinos.,Avoir de bonnes relations avec les voisins
সেম্ফুগত চউল কমিসে,গোলাতে চাল কম,Gola rice is less,古拉米比较少,गोला चावल कम है,El arroz gola es menos,Le riz Gola est moins
মোরে না সকইস,আমাকে স্পর্শ করো না,don't touch me,别碰我,छूना नहीं मुझे,no me toques,ne me touche pas
তেই না সকানি ইসে,তার পিরিয়ড চলছে,She is on her period,她正值月经期,वह अपने पीरियड पर है,ella esta en su periodo,Elle a ses règles
কুঙ্গ থাঙ দাদারে হমাদেওরি,অসীম দা'কে ভক্তি করি,Bhakti to Asim Da,巴克蒂到阿西姆达,असीम दा को भक्ति,Bhakti a Asim Da,Bhakti à Asim Da
বপার আখিগত গিঙডং নিকুলিসে,দাদুর চোখ উঠা রোগ হয়েছে,Grandpa's eyes are sick,爷爷的眼睛有病,दादाजी की आंखें खराब हैं,Los ojos del abuelo están enfermos.,Les yeux de grand-père sont malades
বরণর খেন্তামে গাৎহার পানি বপিলে,বুইসান দের গাৎহার কাদাহাৎ থায়তারা মানুর মিহুলে,Buisan der Gathar Kadahat Thayatara Manur Mihul,布伊桑·德·加塔尔·卡达哈特·塔亚塔拉·曼努尔·米胡尔,बुइसन डेर गथर कदाहत थायतारा मनुर मिहुल,Buisan der Gathar Kadahat Thayatara Manur Mihul,Buisan der Gathar Kadahat Thayatara Manur Mihul
চিৎথাগো ইয়া,চিৎ হয়ে,angry,生气的,गुस्सा,enojado,en colère
বাকুরিহান খেইতেই,মার খাবে,will beat,会打败,मारेंगे,vencerá,va battre
ইমা রে নিঙশিং অউরি,মা কে মনে পড়ে,I remember my mother,我记得我的妈妈,मुझे अपनी मां की याद आती है,Recuerdo a mi madre,Je me souviens de ma mère
লেমুইয়া না মাঙক,বিফল না হোক,Do not fail,不要失败,असफल मत होइए,no falles,N'échouez pas
মাহা হেলোনা/গারিত ইসে/মাহা জিরাসে,প্রেগন্যান্ট হওয়া,Being pregnant,怀孕了,गर्भवती होने,Estar embarazada,Être enceinte
এপাগার সউ সুমারা লপুকে খেলানি বেললা,এখনকার বাচ্চারা মাঠে খেলাধুলা করে না,Today's kids don't play sports on the field,现在的孩子不在球场上做运动,आजकल के बच्चे मैदान पर खेल नहीं खेलते,Los niños de hoy no practican deportes en el campo,Les enfants d'aujourd'hui ne font pas de sport sur le terrain
থুম বপ্পরে খেইলে ডায়াবেটিস ইতেই,মিষ্টি বেশি খেলে ডায়াবেটিস হবে,Eating more sweets will lead to diabetes,吃多了甜食会得糖尿病,अधिक मीठा खाने से मधुमेह हो सकता है,Comer más dulces provocará diabetes,Manger plus de sucreries mènera au diabète
মর ইমার ঠার হান বিষ্ণুপ্রিয়া মণিপুরী,আমার মাতৃভাষা বিষ্ণুপ্রিয়া মণিপুরী,My mother tongue is Bishnupriya Manipuri,我的母语是 Bishnupriya Manipuri,मेरी मातृभाषा बिष्णुप्रिया मणिपुरी है,Mi lengua materna es Bishnupriya Manipuri.,Ma langue maternelle est le Bishnupriya Manipuri
হৃদিগর কন্নুঙেত্ত আবকসা বাহানা থাইল,হৃদয়ের গভীর থেকে অনেক ভালোবাসা রইল,Lots of love from the bottom of my heart,很多来自我心底的爱,मेरे दिल की गहराइयों से ढेर सारा प्यार,Mucho amor desde el fondo de mi corazón.,Beaucoup d'amour du fond du coeur
আজিকা দিনহান হবা নাইসে,আজ দিন ভালো না,Today is not a good day,今天不是个好日子,आज का दिन अच्छा नहीं है,hoy no es un buen dia,Aujourd'hui n'est pas une bonne journée
পাহিয়াগর দেহি ফুরদিতৌগ মি,পাখির মতো উড়বো আমি,I will fly like a bird,我会像鸟一样飞翔,मैं पक्षी की तरह उड़ूंगा,volaré como un pájaro,je volerai comme un oiseau
লপুকে ধান কাপাৎ যিগগা আহ,মাঠে ধান কাটতে যায় চলো,Let's go to harvest rice in the field,我们去田里收稻子吧,चलो खेत में धान काटने चलें,Vamos a cosechar arroz al campo.,Allons récolter du riz dans le champ
গুলাহার পানি বপে আহের,বন্যার পানি বৃদ্ধি পাচ্ছে,Flood waters are rising,洪水正在上涨,बाढ़ का पानी बढ़ रहा है,Las aguas de las inundaciones están aumentando,Les eaux de crue montent
জারর দিন মুঙেদে আহের,শীতের দিন সামনে আসতেছে,Winter days are coming,冬日即将来临,सर्दी के दिन आ रहे हैं,Se acercan los días de invierno,Les jours d'hiver arrivent
ডরপিলে নাইব,মুঙেদে আগুয়ানি লাগতই,Mungede used to be afraid,蒙格德曾经很害怕,मुंगेड़े को डर लगता था,Mungede solía tener miedo,Mungede avait peur
হৎনা কর পারতেই,কিৎতা নাইব,I don't care,我不在乎,मुझे परवाह नहीं है,No me importa,Je m'en fiche
তিয়ে মিয়ে একলগে যিতাঙাইগা দূরিপথে,তুমি আমি একসাথে যাবো দূরপথে,You and I will go far together,你我会一起走很远,आप और मैं एक साथ बहुत दूर तक जाएंगे,tu y yo llegaremos lejos juntos,Toi et moi irons loin ensemble
খিলকিহার মুঙে আহিয়া ডাকিস মোরে,জানালার সামনে এসে ডাক দিও আমাকে,Come to the window and call me,到窗前叫我,खिड़की के पास आओ और मुझे बुलाओ,Ven a la ventana y llámame,Viens à la fenêtre et appelle-moi
এলা আহান দেনা আহের মনহান খুলিয়া,একটা গান গাইতে ইচ্ছে করছে মন খোলে,The mind opens to want to sing a song,心灵打开想要唱一首歌,मन खुल जाता है गाना गाने का,La mente se abre para querer cantar una canción.,L'esprit s'ouvre pour vouloir chanter une chanson
বহিসি আজি রথর মেলা,বসেছে আজ রথের তলায়,Sitting under the chariot today,今天坐在战车下,आज रथ के नीचे बैठे हैं,Sentado debajo del carro hoy,Assis sous le char aujourd'hui
রুদগ বপিসে পানি খুতি দিস,একটু পানি দিও রোদ বেশি,"Give a little water, the sun is too much",浇一点水，太阳太多了,"थोड़ा सा पानी दे दो, धूप बहुत है","Dale un poco de agua, el sol da demasiado.","Donne un peu d'eau, le soleil c'est trop"
বহিসিয়াজি রথর তলাত,বসেছে আজ রথের তলায়,Sitting under the chariot today,今天坐在战车下,आज रथ के नीचे बैठे हैं,Sentado debajo del carro hoy,Assis sous le char aujourd'hui
স্নান যাথার মেলাহান,স্নান যাত্রার মেলা-,Snan Yatra Fair-,Snan Yatra 博览会-,स्नान यात्रा मेला-,Feria de Snan Yatra-,Foire de Snan Yatra-
আকখুলাগই কুরাং যারগাহান,একা কোথায় যাচ্ছো,where are you going alone,你一个人要去哪里,तुम अकेले कहाँ जा रहे हो?,¿Adónde vas solo?,où vas-tu seul
বিয়ানেত বরন দের,সকাল থেকে বাদল হল,It has changed since morning,从早上开始就变了,सुबह से मौसम बदला हुआ है,Ha cambiado desde la mañana.,Ça a changé depuis le matin
বানদারা খেইকগা আহ মাণ্ডপে,ভোগ খেতে চলো মন্দিরে,Let's go to the temple to enjoy,我们去寺庙欣赏一下吧,चलो मंदिर में आनंद लेने चलते हैं,Vamos al templo a disfrutar.,Allons au temple pour en profiter
চেইতে চেইতে দিনহান নম আহের,ফুরিয়ে এল বেলা,Time is up,时间到了,समय पूरा हो गया,El tiempo ha terminado,Le temps s'est écoulé
গরেৎত না নিকুলিস,রুদগ বপিসে,Rudag Bopise,鲁达格·博皮斯,रुदाग बोपिसे,Rudag Bopise,Rudag Bopise
পাহুরে বেললে মনে করুইয়ানি হিন,ভুলে গেলে মনে করানো কষ্টকর,It is difficult to remember if you forget,如果忘记就很难记住,अगर भूल जाओ तो याद रखना मुश्किल है,Es difícil recordar si lo olvidas.,Il est difficile de se souvenir si on oublie
যত হারও যতও নেশা,আজকে দিনের মেলামেশা,Today is the meeting of the day,今天是今天的会议,आज दिन की बैठक है,Hoy es la reunión del día.,Aujourd'hui c'est la réunion du jour
মি তুমারগহে,মোরে না পাহুরিও,More na Pahuri,帕胡里的更多内容,मोरे ना पहुरी,Más en Pahuri,Plus sur Pahuri
ওরে জেলেসৌ অগর হারোওহান,সবার চেয়ে আনন্দময়,The happiest of all,一切之中最幸福的,सब से ज्यादा खुश,el mas feliz de todos,Le plus heureux de tous
কবিতা আহান লিখিয়া পাঠুইস,একটা কবিতা লিখে পাঠিও,Write a poem and send it,写一首诗并发送,एक कविता लिखो और भेजो,Escribe un poema y envíalo.,Écrivez un poème et envoyez-le
তালপাতার বাশিগ,এক পয়সায় কিনিছে ও,He bought it for a penny,他花了一分钱买的,उसने इसे एक पैसे में खरीदा,Lo compró por un centavo,Il l'a acheté pour un centime
পেহান কই,বরণ পরতইহান পারা ইসে,Baran paratihan para ise,巴兰·帕拉蒂汉·帕拉伊兹,बरन परतिहान पैरा इसे,Baran paratihan para ise,Baran paratihan para ise
চরে চরে মুহামুহির বেইবুনি,চোরে চোরের মাসতুতো ভাই,The thief is the cousin of the thief,小偷是小偷的表弟,"चोर, चोर का चचेरा भाई है",El ladrón es primo del ladrón.,Le voleur est le cousin du voleur
গরেতো আকমু নিকুল্লে আলথক অনা নাকরের,বাড়ি থেকে একবার বের হলে ফিরে আসা উচিত নয়,"Once you leave home, you should not come back",一旦你离开家，你就不应该再回来,एक बार घर से निकले तो वापस नहीं आना चाहिए,"Una vez que sales de casa, no debes volver.","Une fois que vous quittez la maison, vous ne devriez pas revenir"
কলা পাতাৎ ভাত খানার নুঙি হানই আরাক আকসারে,কলা পাতায় ভাত খাওয়ার মজাই অন্যরকম,The fun of eating rice in banana leaves is different,芭蕉叶吃米饭的乐趣不一样,केले के पत्तों में चावल खाने का मजा ही अलग है,La diversión de comer arroz en hojas de plátano es diferente,Le plaisir de manger du riz dans des feuilles de bananier est différent
মানকর লগে নাপুইয়া থাইল ইমে শৌ অগো,বাচ্চাটি মায়ের সাথে সারাক্ষণ লেগে আছে,The baby is attached to the mother all the time,宝宝始终依附于妈妈,बच्चा हर समय माँ से जुड़ा रहता है,El bebé está apegado a la madre todo el tiempo.,Le bébé est tout le temps attaché à la mère
কুরাঙতো পেইলেতা তাঙ্খা অতা,টাকাগুলো কোথায় পেয়েছো,Where did you get the money?,你从哪里得到的钱？,आपको पैसे कहाँ से मिले?,¿De dónde sacaste el dinero?,Où as-tu trouvé l'argent ?
আজি ইশকুলে নাযিমগা,পড়া নুয়ারুরি,Reading is new,阅读是新的,पढ़ना नया है,leer es nuevo,La lecture est nouvelle
আজিকা ডাঙরিয়া বামুন আগো দৌ-র ফামে গেলগা,আজকে একজন বিশিষ্ট ব্রাহ্মণ মৃত্যুবরণ করেছেন,A prominent Brahmin passed away today,一位著名的婆罗门今天去世了,आज एक प्रमुख ब्राह्मण का निधन हो गया,Un destacado brahmán falleció hoy,Un éminent brahmane est décédé aujourd'hui
আল আল না চেই,খাঙকোরে নুয়ারুরি,Khangkore Nuaruri,康科雷·努阿鲁里,खंगकोरे नुआरुरी,Khangkore Nuaruri,Khangkoré Nuaruri
মুরগ তপতা না-করেদি,পিসে হবাহান নাইতই,There is nothing wrong with the piece,作品没有任何问题,टुकड़े में कुछ भी गलत नहीं है,No hay nada malo con la pieza.,Il n'y a rien de mal avec la pièce
মি কালিকা ঢাকাত তো আহিলু,আমি কালকে ঢাকা থেকে এসেছি,I came from Dhaka yesterday,我昨天从达卡来,मैं कल ढाका से आया हूं,Ayer vine de Dhaka,Je suis venu de Dhaka hier
বাজের বাশিগ,পাতার বাশি গ,Leaf stalk c,叶柄c,पत्ती का डंठल सी,Tallo de hoja c,Tige de feuille c
মনর সুখে,বাজে বাঁশি,bad whistle,坏口哨,ख़राब सीटी,mal silbido,mauvais coup de sifflet
মানুর অভাব নেই,ঠাকুরবাড়ি ঠেলাঠেলি,Thakurbari is crowded,塔库巴里很拥挤,ठाकुरबाड़ी में भीड़ है,Thakurbari está lleno de gente,Thakurbari est bondé
লোকের নাহি শেষ,,,,,,
কিতা করুরিতা,কি করছো,what are you doing,你在干什么,आप क्या कर रहे हो,qué estás haciendo,que fais-tu
লেরিক পাকরলে আবকসা হারপিতেই,বই পড়লে অনেক কিছু জানতে পারবে,You can learn a lot by reading books,通过阅读书籍你可以学到很多东西,किताबें पढ़कर आप बहुत कुछ सीख सकते हैं,Puedes aprender mucho leyendo libros.,Vous pouvez apprendre beaucoup en lisant des livres
বাহিয়া যারগা দেশহান,অবিশ্রান্ত বৃষ্টিধারায়,Incessant rain,连绵不断的雨,लगातार बारिश,Lluvia incesante,Pluie incessante
মি গরে আহিলু,আমি ঘরে আসছি,i am coming home,我要回家了,मैं घर आ रहा हूँ,estoy volviendo a casa,je rentre à la maison
রাতিহান দিলুইল গরে যিগগা,রাত অনেক হলো ঘরে চলো,"It's late at night, let's go home",夜深了，我们回家吧,"बहुत रात हो गई है, चलो घर चलते हैं","Es tarde en la noche, vámonos a casa.","Il est tard dans la nuit, rentrons à la maison"
নেই দুঃখ তার অসারে,আজকে দিনের দুঃখ যত,Today is the sadness of the day,今天是悲伤的一天,आज दिन का दुःख है,Hoy es la tristeza del día.,Aujourd'hui c'est la tristesse du jour
নাই রে দুঃখ উহার মতো,,,,,,
মি সিলেটে ব্যাডমিন্টে চ্যাম্পিয়ন ইসিলু,আমি সিলেটে ব্যাডমিন্টে চ্যাম্পিয়ন হয়েছি,I became champion in badminton in Sylhet,我在锡尔赫特获得羽毛球冠军,मैं सिलहट में बैडमिंटन में चैंपियन बना,Me convertí en campeón de bádminton en Sylhet,Je suis devenu champion de badminton à Sylhet
কুঙগ আহিসেগ,পথহাৎ উবাইয়া আসে,Pathhat Ubaya comes,帕萨特·乌巴亚 (Pathhat Ubaya) 来了,पठहत उबया आता है,Pathhat Ubaya viene,Pathhat Ubaya vient
জেপগত কানা কড়ি আগও নেই,দোকান-পানে চাহি,Want to shop and drink,想购物、喝酒,खरीदारी करना और पीना चाहते हैं,Quieres comprar y beber,Je veux faire du shopping et boire
মি এপাগা ঘুমাসু,আমি এখন ঘুমাচ্ছি,i am sleeping now,我现在正在睡觉,मैं नींद में हूं,estoy durmiendo ahora,je dors maintenant
সেন্ধ্যাহান ইয়া আহিল গুরুগি আ্নিয়া আহগা,সন্ধ্যা ঘনিয়ে এলো গরুগুলো নিয়ে এসো,Bring the cows near evening,傍晚时分把奶牛带过来,शाम के समय गायें ले आओ,Trae las vacas cerca de la noche.,Apportez les vaches vers le soir
চেয়া আসে ফেলফেল করিয়া,চেয়ে আছে নিমেষহারা,Nemeshahara is waiting,涅米沙哈拉正在等待,नेमशहरा इंतज़ार कर रहा है,Nemeshahara está esperando,Nemeshahara attend
মি তরে জানেও দেখে নুয়ারুরি,আমি তোমাকে একটুও দেখতে পারিনা,I can't see you at all,我根本看不到你,मैं तुम्हें बिल्कुल नहीं देख सकता,no puedo verte en absoluto,Je ne peux pas te voir du tout
পাহিয়ার রৌহান ঘরে থানি নাইল,পাখির শব্দে ঘরে থাকা গেলোনা,I couldn't stay in the house with the sound of birds,我无法呆在有鸟鸣声的房子里,पक्षियों की आवाज़ से मैं घर में नहीं रह सकता था,No podía quedarme en la casa con el sonido de los pájaros.,Je ne pouvais pas rester dans la maison avec le bruit des oiseaux
কিহান খবর,কি খবর,what news,什么新闻,क्या ख़बर है,que noticias,quelle nouvelle
য়ারি আহান মাৎ হুনঙ মি,একটা গল্প বলো শুনি আমি,Tell me a story,给我讲个故事,मुझे एक कहानी बताओ,,Raconte-moi une histoire
তর এলার নারগো হবা ইসে,তোমার গানের সুর ভালো,Your music is good,你的音乐很好听,आपका संगीत अच्छा है,tu musica es buena,Ta musique est bonne
এলা আহান দে,একটা গান গাও,sing a song,唱歌,एक गीत गाएं,cantar una canción,chanter une chanson
ভাত খেইলেগো,ভাত খেয়েছ,ate rice,吃了米饭,चावल खाया,comió arroz,mangé du riz
এপাগা আরতা নুয়ারিম,চকথাহানে নমিলু মি,Chaktahane Namilu Mr,查克塔哈尼·纳米鲁先生,चकताहेन नामिलु श्रीमान,Chaktahane Namilu Sr.,Chaktahane Namilu Monsieur
তি কুরাঙ আসতহান,তুমি কোথায় আছো,where are you,你在哪,आप कहां हैं,dónde estás,où es-tu
মি আরতা নুয়ারিম,আমি আর পারবো না,I can't anymore,我不能再,मैं अब और नहीं कर सकता,ya no puedo,je n'en peux plus
মি এলা দেওরি,আমি গান গাই,i sing,我唱歌,मैं गाता हूँ,yo canto,je chante
মি এহান নুয়ারিম,আমি এটা পারবো না,I can't do it,我做不到,मैं यह नहीं कर सकता,no puedo hacerlo,je ne peux pas le faire
তি কুংগো,তুমি কে,who are you,你是谁,आप कौन हैं,quién eres,qui es-tu
মি তোরে না চিনিসু,আমি তোমাকে চিনি না,i don't know you,我不认识你,मैं आपको नहीं जानता,no te conozco,je ne te connais pas
মি কিতা করলুতা,আমি কি করলাম,what did i do,我做了什么,मैंने क्या किया,¿Qué hice?,qu'ai-je fait
এহান নাইবো,এটা হবে না,it won't,它不会,ऐसा नहीं होगा,no lo hará,ce ne sera pas le cas
তোর মার নাঙহান কিহান,তোমার মায়ের নাম কি,what is your mother's name,你妈妈叫什么名字,आपकी माँ का नाम क्या है?,¿Cómo se llama tu madre?,
মি একাডেমিগোর সদস্য আগো,আমি একাডেমির একজন সদস্য,,我是学院的会员,मैं अकादमी का सदस्य हूं,soy miembro de la academia,je suis membre de l'académie
তেই হাবি পারিরি,সে সব পারে,He can do it all,他可以做到这一切,वह यह सब कर सकता है,el puede hacerlo todo,Il peut tout faire
মি বহিয়া আসু,আমি বসে আছি,i am sitting,我坐着,मैं बैठा हूं,estoy sentado,je suis assis
মি এপাগা কিতা করতু,আমি এখন কি করব,what do i do now,我现在该怎么办,अब क्या करूँ,¿Qué hago ahora?,que dois-je faire maintenant
কিসারে করতু,কিভাবে করব,how to do,怎么办,कैसे करें,como hacer,comment faire
হবা নাইসে,ভালো না,not good,不好,अच्छा नहीं है,no es bueno,pas bon
তি চুনা ইসত,তুমি সুন্দর,you are beautiful,你很美丽,तुम सुंदर हो,eres hermoso,tu es belle
ফ্যান হান চালা,ফ্যান চালাও,Turn on the fan,打开风扇,पंखा चालू करो,enciende el ventilador,Allumez le ventilateur
কিহান মাতবেনাই,কি বল,what say,说什么,क्या कहते हो,que decir,que dire
থোক্কো মাত,তাড়াতাড়ি বল,tell me quickly,快告诉我,जल्दी बताओ,dime rapido,dis-moi vite
বৌদের চারিবারাদেৎত,বাতাস দিচ্ছে চারদিক থেকে,The wind is blowing from all sides,风从四面八方吹来,चारों तरफ से हवा चल रही है,El viento sopla de todos lados,Le vent souffle de toutes parts
সওকোরার হাৎ বাইরে যিগগা,গরম করছে চলো বাইরে যায়,"It's heating up, let's go out",天热了，我们出去吧,"गर्मी बढ़ रही है, चलो बाहर चलें","Hace calor, salgamos","Ça chauffe, sortons"
আজিকা বপ্পরে সওকরার,আজকে বেশি গরম,It's hot today,今天很热,आज गर्मी है,hace calor hoy,Il fait chaud aujourd'hui
গাৎহার পাড়গদে না যিসগা,পানিহান বপিসে,Panihan Bopis,帕尼汉·博皮斯,पनिहान बोपिस,Panihan Bopis,Panihan Bopis
আজিকা বপ্পরে সওকরার,আজকে বেশি গরম,It's hot today,今天很热,आज गर्मी है,hace calor hoy,Il fait chaud aujourd'hui
ঘুমা রাতিহান ইল,ঘুমাও রাত হয়েছে,sleep it's night,睡觉已经是晚上了,"सो जाओ, रात हो गयी है",dormir es de noche,dors c'est la nuit
জবরে লেইরেকে যারগা দিন,অনেক অবহেলাতে যাচ্ছে দিন,Many days are going to neglect,很多天都会被忽视,कई दिन उपेक्षा में कटने वाले हैं,Muchos días van a descuidar,De nombreux jours vont être négligés
তা ভাত খার,সে ভাত খাচ্ছে,He is eating rice,他正在吃米饭,वह चावल खा रहा है,el esta comiendo arroz,Il mange du riz
মি নাবে,আমি না,i don't,我不,मैं नहीं,no,je ne
হিনাগা জাগা,গুসল কর যাও,go take a shower,去洗澡,जाओ नहाकर आओ,ve a darte una ducha,va prendre une douche
তর দোষ হান,তোমার দোষ,your fault,你的错,आपकी गलती,tu culpa,ta faute
মি কিহান মাত্তু,আমি কি বলব,what can i say,我能说什么,मुझे क्या कहना चाहिए,¿Qué puedo decir?,que puis-je dire
যতহান পারতেই কর,যতটুকু পারো কর,Do as much as you can,尽你所能,जितना हो सके उतना करो,Haz todo lo que puedas,Faites autant que vous pouvez
মর কোনো দোষ নেই,আমার কোনো দোষ নাই,I have no fault,,मेरी कोई गलती नहीं है,no tengo ninguna culpa,je n'ai aucune faute
ফামহান ঠিক কর,বিছানা ঠিক কর,make the bed,整理床铺,बिस्तर लगाना,hacer la cama,faire le lit
নুংগি নালাগের,ভালো লাগছে না,don't feel good,感觉不太好,अच्छा नहीं लगता,no te sientes bien,je ne me sens pas bien
আজিকা তর খবর আছে,আজকে তোমার খবর আছে,Today you have news,今天你有消息,आज आपके पास खबर है,Hoy tienes novedades.,Aujourd'hui tu as des nouvelles
মি হাননাপেইলু,আমি বুঝলাম না,i didn't understand,我不明白,मेरी समझ में नहीं आया,no entendí,je n'ai pas compris
তরতা কিহান ইসেহান,তোমার কি হয়েছে,what happened to you,你怎么了,आपको क्या हुआ,lo que le pasó,qu'est-ce qui t'est arrivé
মর নাঙহান সিঁথি,আমার নাম সিঁথি,My name is Sinthi,我的名字是辛蒂,मेरा नाम सिंथी है,Mi nombre es Sinthi,Je m'appelle Sinthi
মি কাম আহান করুরি,আমি একটা কাজ করছি,I'm doing a job,我正在做一份工作,मैं एक नौकरी कर रहा हूँ,estoy haciendo un trabajo,je fais un travail
হাননাপাসু মি,আমি জানি না,i don't know,我不知道,मुझें नहीं पता,no sé,je ne sais pas
অহন নাবে,ওইটা না,That's not it,不是这个,बस ऐसा नहीं है,Eso no es todo,Ce n'est pas ça
তেই আহিরি,সে আসছে,he is coming,他来了,वो आ रहा है,el esta viniendo,il vient
মি যাউরিগা,আমি যাচ্ছি,i am going,我要去,मैं जा रहा हूँ,Yo voy,je vais
ওয়ারি আহান দে,একটা গল্প বল,tell a story,讲一个故事,एक कहानी बताओ,contar una historia,raconter une histoire
ইলগা বেলা,হয়েচ্ছে বাদ দাও,Drop it,放下它,जाने दो,Suéltalo,Lâchez-le
খাংদা করিয়া কিহান ইলতা বারো,হঠ্যাৎ করে কি হলো আবার,What happened suddenly again?,突然又发生什么事了？,अचानक फिर क्या हुआ?,¿Qué pasó de repente otra vez?,Que s'est-il encore passé soudainement ?
বাজারে গেলেগা মোরে ডাকিস,বাজারে গেলে আমাকে ডেকো,Call me when you go to the market,你去市场时给我打电话,जब तुम बाज़ार जाओ तो मुझे बुला लेना,Llámame cuando vayas al mercado.,Appelle-moi quand tu vas au marché
জি লাগিসে বাহাজঙ্গলে,আগুন লেগেছে বাঁশজঙ্গলে,There is a fire in the bamboo forest,竹林里着火了,बांस के जंगल में आग लगी है,Hay un incendio en el bosque de bambú.,Il y a un feu dans la forêt de bambous
মুঙেদে আরাক নাটক আহান আহের,সামনে আরেকটা নাটক আসছে,Another drama is coming,又一部剧要来了,एक और ड्रामा आ रहा है,Se viene otro drama,Un autre drame arrive
কিৎতাউ না মাতি,ইঙগ ইয়া থাক,Stay here,留在这里,यहाँ रहें,quédate aquí,Reste ici
ইতাউ আয় একলগে কাম করিক,বন্ধু এসো একসাথে কাজ করি,"Friends, let's work together",朋友们，我们一起努力吧,"दोस्तों, आइए मिलकर काम करें","Amigos, trabajemos juntos.","Amis, travaillons ensemble"
মুরগ কামারার না অতারিও,মাথা ব্যাথা করছে কথা বলো না,Don't talk because your head hurts,别说话，因为你头疼,बात मत करो क्योंकि तुम्हारा सिर दर्द कर रहा है,No hables porque te duele la cabeza.,Ne parle pas parce que tu as mal à la tête
ইরেইর দিনে মি আহিতৌ,শুক্রবারে আমি আসবো,I will come on Friday,我星期五来,मैं शुक्रवार को आऊंगा,vendré el viernes,je viendrai vendredi
মিতে হারপেইলু জিঙতা নায়তাঙায়,আমি বুঝেছি টিকতে পারবো না,I know I can't stand it,我知道我无法忍受,मुझे पता है मैं इसे बर्दाश्त नहीं कर सकता,sé que no puedo soportarlo,Je sais que je ne peux pas le supporter
ইনাফি আহান বুলঙ বুলিয়া,উড়না একটা বানাবো বলে,I will make a flight,我将搭乘航班,मैं एक उड़ान भरूंगा,haré un vuelo,je ferai un vol
আজিকার দিনহান নিংশিঙ অয়া থায়তয়,আজকের দিনটি স্মরণ হয়ে থাকবে,Today will be remembered,今天将被铭记,आज का दिन याद रहेगा,hoy sera recordado,On se souviendra d'aujourd'hui
আজি গারিগ খানি নুয়ারৌরিতা,আজ শরীরটা ভালো লাগছেনা,I don't feel well today,我今天感觉不太舒服,आज मुझे अच्छा महसूस नहीं हो रहा है,no me siento bien hoy,je ne me sens pas bien aujourd'hui
নুরি খাসি লইয়া আহঙগা,কিছু সুতা কিনে নিয়ে আসি,Buy some yarn,买点毛线,कुछ सूत खरीदें,Compra algo de hilo,Achetez du fil
মাদানে হেনুর সিনচৌ খৈতাঙাই,বিকালে আমের ভর্তা খাবো,In the afternoon I will eat mango soup,下午我要吃芒果汤,दोपहर को मैं आम का सूप खाऊंगी,Por la tarde comeré sopa de mango.,L'après midi je mangerai de la soupe à la mangue
কালি পাকদাৎ যিতাঙাইগা,কাল ঘুরতে যাবো,I will go for a walk tomorrow,我明天去散步,मैं कल घूमने जाऊंगा,mañana saldré a caminar,j'irai me promener demain
পরীক্ষাহান কিসারে ইলতা,পরীক্ষা কেমন হলো,How was the exam?,考试怎么样？,परीक्षा कैसी रही?,¿Cómo estuvo el examen?,Comment s’est passé l’examen ?
রাসে নাচানি আহের হুদদা,রাসে নাচতে ইচ্ছে করে শুধু,I just want to dance,我只想跳舞,मुझे नाचना है,solo quiero bailar,je veux juste danser
রাসর এলা আহান মাৎ মাই,রাসের একটা গান বলো বান্ধবী,"Tell me a song of Ras, girlfriend",给我唱一首 Ras 的歌吧，女朋友,रस का एक गीत बताओ सखी!,"Dime una canción de Ras, novia.","Dis-moi une chanson de Ras, petite amie"
মুরগ কামারার,মাথা ব্যাথা করছে,headache,头痛,सिरदर्द,dolor de cabeza,mal de tête
কুঙগউ কুরাঙঅউ নেইসি,কেউ কোথাওই নেই,No one is anywhere,任何地方都没有人,कोई कहीं नहीं है,No hay nadie en ninguna parte,Personne n'est nulle part
বসন্ত ইনাফি অহান কি চুনাহান,বসন্ত উড়নাটা কি সুন্দর,Spring flight is beautiful,春天的飞行很美丽,वसंत की उड़ान सुन्दर है,El vuelo de primavera es hermoso.,Le vol printanier est magnifique
এলা হুনানি নুঙি লাগের মোরতা,গান শুনতে ভালো লাগে আমার,I like to listen to music,我喜欢听音乐,मुझे संगीत सुनना पसंद है,me gusta escuchar musica,J'aime écouter de la musique
তি নিকুলিয়া আয়,তুমি বেরিয়ে এসো,you come out,你出来,तुम बाहर आओ,tu sales,tu sors
আকখুলিগই মি কিতা করতু,একলা আমি কি করবো,What will I do alone?,我一个人去做什么？,मैं अकेला क्या करूंगा?,¿Qué haré solo?,Que vais-je faire seul ?
আল ধরাত গিয়া ফিট ইয়াপরসেগা,হাল চাষ করতে গিয়ে বেহুশ হয়ে গেছে,Fainted while plowing,犁地时晕倒,जुताई करते समय बेहोश हो गए,Se desmayó mientras araba,Évanoui en labourant
সওকোরা এহাৎ পহুরিগৎ হাতুরলে নুঙি ইতই,এই গরমে পুকুরে সাঁতার কাটলে ভালো লাগবে,Swimming in the pool will be nice in this summer,这个夏天去泳池里游泳会很舒服,इस गर्मी में पूल में तैरना अच्छा रहेगा,Nadar en la piscina será agradable este verano.,Nager dans la piscine sera agréable cet été
ঘুম নাহের আজিতে,ঘুম আসেনা আজকে,I can't sleep today,我今天睡不着,आज मुझे नींद नहीं आ रही,no puedo dormir hoy,Je ne peux pas dormir aujourd'hui
আয়,আঙকলপি খেলিক,Numerology player,命理玩家,अंकज्योतिष खिलाड़ी,Jugador de numerología,Joueur de numérologie
সউকরাহাত কিসারে ঘুম আহিতো?,এই গরমে কিভাবে ঘুম আসবে?,How to sleep in this summer?,这个夏天如何睡觉？,इस गर्मी में कैसे सोयें?,¿Cómo dormir en este verano?,Comment dormir cet été ?
লেরিক তামকরানি এহান নিকালাসে মানুগো কুঙ্গ,কোন মানুষটা যে এই লেখাপড়া আবিষ্কার করসে,A man who discovers this education,发现这种教育的人,एक आदमी जो इस शिक्षा की खोज करता है,Un hombre que descubre esta educación.,Un homme qui découvre cette éducation
বরন আহান দিলে সউকরা হান খানি ককিতই,বৃষ্টি পড়লে গরম কিছুটা কমবে,"If it rains, the heat will decrease a bit",如果下雨的话热量会减少一些,अगर बारिश हुई तो गर्मी कुछ कम हो जाएगी,"Si llueve, el calor disminuirá un poco.","S'il pleut, la chaleur diminuera un peu"
অহানে মি জারর পর হান নুঙেই পাওরি,এজন্য আমি শীতকাল পছন্দ করি,That's why I love winter,这就是我喜欢冬天的原因,इसलिए मुझे सर्दी पसंद है,Por eso amo el invierno,C'est pourquoi j'aime l'hiver
বিয়ান্ত ঘাসর গোজে খোয়া পরের,ভোরে ঘাসের উপরে কুয়াশা পড়ে,Early morning fog falls on the grass,清晨的雾气落在草地上,सुबह-सुबह कोहरा घास पर गिरता है,La niebla de la madrugada cae sobre la hierba,Le brouillard matinal tombe sur l'herbe
সউকরা হান বপিলে হুরকা শৌ বারো বুজন হিনপিতারা জবর,গরম বেশি হলে ছোট বাচ্চা আর বয়স্করা বেশি কষ্ট পায়,"If it is too hot, young children and the elderly suffer more",如果天气太热，幼儿和老人会受到更大的伤害,यदि बहुत अधिक गर्मी हो तो छोटे बच्चों और बुजुर्गों को अधिक परेशानी होती है,"Si hace demasiado calor, los niños pequeños y los ancianos sufren más","S'il fait trop chaud, les jeunes enfants et les personnes âgées souffrent davantage"
বিয়ান্ত ঘাসোর হাদিদ আতানি অসারে নুঙের অরতা,ভোরে ঘাসের মধ্যে হাঁটতে খুবই ভালো লাগে,It is very nice to walk in the grass in the morning,早上在草地上散步真是太好了,सुबह के समय घास पर चलना बहुत अच्छा लगता है,Es muy agradable caminar sobre la hierba por la mañana.,C'est très agréable de se promener dans l'herbe le matin
তোমার গাঙে মানু বপিসি,তোমাদের গ্রামে জনসংখ্যা বেশি,Your village has a large population,你的村庄人口众多,आपके गाँव की जनसंख्या बहुत अधिक है,Tu pueblo tiene una gran población.,Votre village a une grande population
খেতিবারি করিয়া আজিকালি অসারে লাভ নেই,আজকাল কৃষিকাজ করে খুব একটা লাভ নেই,Farming is not very profitable these days,现在农业利润不是很高,आजकल खेती करना बहुत लाभदायक नहीं है,La agricultura no es muy rentable hoy en día.,L'agriculture n'est pas très rentable de nos jours
বওবরন হান আনের,কালবৈশাখী আসছে,Kalbaisakhi is coming,卡尔拜萨基来了,कालबैसाखी आ रही है,Kalbaisakhi está llegando,Kalbaisakhi arrive
ঠেইপঙ খানা আহের,কাঠাল খেতে ইচ্ছা করে,Wants to eat wood,想吃木头,लकड़ी खाने का मन करता है,Quiere comer madera,Veut manger du bois
হেইনু খেইতও,আম খাব,eat mango,吃芒果,आम खाओ,comer mango,manger de la mangue
আগেকার ‍দিনে বপাবপিয়ে ওয়ারি হুনুইলা চল অতা এপাগা মাঙো যারগা,আগেকার দিনে দাদা-দাদীরা যে গল্প শুনাতো সেই সংস্কৃতি এখন হারিয়ে যাচ্ছে,The culture that used to be told by grandparents in earlier days is now disappearing,以前祖辈们讲述的文化现在正在消失,पहले के जमाने में दादा-दादी जो संस्कृति के बारे में बताया करते थे वह अब लुप्त होती जा रही है,La cultura que antes contaban los abuelos ahora está desapareciendo,La culture qui était autrefois racontée par les grands-parents est en train de disparaître
ইলিশা খানা আহের,ইলিশ মাছ খেতে ইচ্ছা করে,Hilsa wants to eat fish,希尔莎想吃鱼,हिल्सा मछली खाना चाहती है,Hilsa quiere comer pescado,Hilsa veut manger du poisson
সউকরা এহাত থেইপং খানা চুম নেই,এই গরমে কাঁঠাল খাওয়া উচিত নয়,Jackfruit should not be eaten in this summer,今年夏天不宜吃菠萝蜜,इस गर्मी में कटहल नहीं खाना चाहिए,La yaca no se debe comer en este verano,Le jacquier ne devrait pas être consommé cet été
নানিয়ায় ইছায়,পাট শাক আর চিংরি মাছ,Jute vegetables and chingri fish,黄麻蔬菜和清里鱼,जूट की सब्जियाँ और चिंगरी मछली,Verduras de yute y pescado chingri,Légumes en jute et poisson chingri
মোরতা এপ্পাগা গল্পোর লেরিক আহান পাকরানি আহের,আমার এই মুহূর্তে গল্পের বই একট পড়তে ইচ্ছে করছে,I want to read a story book right now,我现在想读一本故事书,मैं अभी एक कहानी की किताब पढ़ना चाहता हूं,Quiero leer un libro de cuentos ahora mismo.,Je veux lire un livre d'histoire maintenant
গাঙর বুজনে মাত্তারা হাবিতা হুনলে নার,গ্রামের  মুরব্বিদের সকল কথা শুনলে হয় না,It is not necessary to listen to all the words of the village teachers,没必要全听村里老师的话,गाँव के अध्यापकों की सारी बातें सुनना आवश्यक नहीं है,No es necesario escuchar todas las palabras de los maestros del pueblo.,Il n'est pas nécessaire d'écouter tous les mots des enseignants du village
মি হেইনু খাওরি,আমি আম খাই,i eat mango,我吃芒果,मैं आम खाता हूं,yo como mango,je mange de la mangue
ইমার ঠার পুঞ্চি পালক,মায়ের ভাষা বেচে থাক,Live your mother tongue,活出你的母语,अपनी मातृभाषा को जियो,Vive tu lengua materna,Vivez votre langue maternelle
ইমা তর মহিমা তি,মা তুমার মহিমা তুমি,Your majesty is you,陛下就是你,आपकी महिमा आप ही हैं,Tu majestad eres tú,Votre majesté c'est vous
ইতাও কোহান যারগাতা,বন্ধু কোথায় যাচ্ছ,where are you going friend,你要去哪里朋友,कहाँ जा रहे हो दोस्त,donde vas amigo,où vas-tu mon ami
আইসক্রিম আগো খানা আহের,আইসক্রিম  খেতে ইচ্ছা করছে,I want to eat ice cream,我想吃冰淇淋,मैं आइसक्रीम खाना चाहता हूँ,quiero comer helado,je veux manger de la glace
সওকরার জবর,বেশি গরম লাগছে,It feels too hot,感觉太热了,बहुत गर्मी लगती है,se siente demasiado caliente,Il fait trop chaud
সওকরাহানে গরে থানি নাহের,গরমের জন্য বাড়িতে থাকতে পারছি না,Can't stay home for summer,暑假不能呆在家里,गर्मियों में घर पर नहीं रह सकते,No puedo quedarme en casa durante el verano,Je ne peux pas rester à la maison pour l'été
মি চশমা পিদুরি,আমি চশমা পরি,i wear glasses,我戴眼镜,मैं चश्मा पहनने,uso gafas,je porte des lunettes
কইদে কোহান গেলাগা গ,কই তুমি শুনতে পাচ্ছ,where can you hear,你在哪里可以听到,तुम कहाँ सुन सकते हो,donde puedes escuchar,où peux-tu entendre
মাই কিহান খবর,বান্ধবি কি খবর,what's up girlfriend,女朋友怎么了,क्या हाल है गर्लफ्रेंड,que pasa novia,quoi de neuf petite amie
আইত্তে ঘরে আহিস,দেখতেই নাই,can't see,看不到,देख नहीं सकते,no puedo ver,je ne peux pas voir
পেতগত রাহু হমাসিথাঙ,এত খিদা কিসের,Why so hungry?,怎么这么饿？,इतनी भूख क्यों?,¿Por qué tanta hambre?,Pourquoi avoir si faim ?
মি পাহুরানি নুয়ারলু কালিকার অহন,কালকের ঘটনা আমি ভুলতে পারব না,I will never forget what happened yesterday,我永远不会忘记昨天发生的事情,कल जो हुआ उसे मैं कभी नहीं भूलूंगा,Nunca olvidaré lo que pasó ayer.,Je n'oublierai jamais ce qui s'est passé hier
লেহাও ফুলর অসারে চুনা ইসত,চাপা ফুলের মতো দেখতে সুন্দর তুমি,You look beautiful like a pressed flower,你看起来像一朵压花一样美丽,तुम दबे हुए फूल की तरह खूबसूरत लग रही हो,Te ves hermosa como una flor prensada.,Tu es belle comme une fleur pressée
তরে চাবেলতও,তোমাকে দেখে নিব,I will see you,我会见到你,में तुम्हे देख लुगा,te veré,je te verrai
কিত্তাও নেই করানিরতা,কিছু করার নেই,nothing to do,无事可做,कुछ भी नहीं करना,nada que hacer,rien à faire
বুকুর গ আকগত মুরগ ফাটা ইতও হানে,এক কিলে মাথা ফাটিয়ে দেব,I'll blow your head off in one blow,我会一击打爆你的头,मैं एक ही झटके में तुम्हारा सिर उड़ा दूंगा,Te volaré la cabeza de un solo golpe,Je vais te faire exploser la tête d'un seul coup
মি কিত্তাও নাকরিসু নাই,আমি কিছু করি নাই,i didn't do anything,我什么也没做,मैंने कुछ नहीं किया,no hice nada,je n'ai rien fait
লক্ষিয়ে ভাত হিজিরি,লক্ষি ভাত রান্না করে,Lakshi cooks rice,拉克西煮饭,लक्ष्मी चावल पकाती है,Lakshi cocina arroz,Lakshi cuisine du riz
নাসানি অকরলো,নাচতে শুরু করল,Started dancing,开始跳舞,नाचने लगा,Empezó a bailar,J'ai commencé à danser
বেরেঙ্গার পান্টেই খানা আহের,ঢেরশ ভর্তা খেতে ইচ্ছা করে,Dherash wants to eat bharta,Dherash 想吃 Bharta,धीरेश भर्ता खाना चाहता है,Dherash quiere comer bharta,Dherash veut manger du bharta
নুয়ারবে মরে মারানি,আমাকে মারতে পারবে না,can't kill me,杀不了我,मुझे नहीं मार सकते,no puedes matarme,je ne peux pas me tuer
গরমে পানি বপকরে পিনা,গরমে বেশি করে পানি খেতে হবে,Drink more water in summer,夏天多喝水,गर्मियों में पानी अधिक पियें,Bebe más agua en verano,Boire plus d'eau en été
সেন্দাহান ইল আত জাঙ ধোয়া লেরিকহাত বহেই,সন্ধা হলো হাত পা ধোয়ে পড়তে বস,Sit down to wash hands and feet in the evening,晚上坐下来洗手洗脚,शाम को हाथ-पैर धोने बैठें,Siéntate a lavarte las manos y los pies por la noche.,Asseyez-vous pour vous laver les mains et les pieds le soir
মর এলা হান হুনিয়া,আমার গান শুনো,listen to my song,听我的歌,मेरा गाना सुनो,escucha mi cancion,écoute ma chanson
গুজেবরনহান মারিয়া দে,ধূর্বৃষ্টি জোরে পড়ো,Read the dust aloud,大声朗读尘埃,धूल को जोर से पढ़ें,Lee el polvo en voz alta,Lisez la poussière à haute voix
রোদ গ জবর ইছে,বাহিরে না নুকুলিয়,Do not go outside,不要外出,बाहर मत जाना,no salgas afuera,Ne sortez pas
নাইল নাই তি করলে অহন,তুমি যেটা করেছ সেটা হয়নি,What you did didn't happen,你所做的事并没有发生,जो तुमने किया वह नहीं हुआ,lo que hiciste no pasó,Ce que tu as fait n'est pas arrivé
প্রভু বরন আহান দে,প্রভু বৃষ্টি দাও,Lord give rain,愿主赐下雨水,हे प्रभु वर्षा करो,Señor da lluvia,Seigneur donne la pluie
হারু নাইলু,খুশি হলাম না,I was not happy,我不高兴,मैं खुश नहीं था,no estaba feliz,je n'étais pas content
তরে থাকাত,তোমাকে ধন্যবাদ,thank you,谢谢,धन्यवाद,gracias,merci
কিসারে ইলহান,কিভাবে হলো,how did it happen,它是怎么发生的,यह कैसे हुआ,Cómo ha ocurrido,Comment est-ce arrivé
মি কাম করুরি,আমি কাজ করছি,i am working,我在工作,मैं काम कर रहा हूँ,estoy trabajando,je suis en train de travailler
কারেন্ট হান গেলগা,কারেন্ট চলে গেছে,The current is gone,电流消失了,करंट चला गया,La corriente se ha ido,Le courant est parti
আহিল এপাগা,এখন আসছে,coming now,现在来,आ रहा है,viniendo ahora,j'arrive maintenant
মরাঙ পালা মেকুরি আগ  আছে,আমার কাছে পোষা বিড়াল একটা আছে,I have a pet cat,我有一只宠物猫,मेरे पास एक पालतू बिल्ली है,tengo un gato como mascota,J'ai un chat de compagnie
মিতে মাতলুনাই,আমি তো বললাম,I said,我说,मैंने कहा था,Yo dije,J'ai dit
নাহিসে সাত,আসে নাই মনে হয়,It doesn't seem to come,好像没有来,ऐसा लगता नहीं है,no parece venir,Il ne semble pas venir
কিজাত রোদ গ পুরে বেল্লো,কি রোদ পুড়ে গেলাম,I got sunburned,我被晒伤了,मैं धूप से झुलस गया,me quemé con el sol,j'ai eu un coup de soleil
কিজাত রোদ গ পুড়ে বেললো,কি রোদ পুড়ে গেলাম,I got sunburned,我被晒伤了,मैं धूप से झुलस गया,me quemé con el sol,j'ai eu un coup de soleil
বেলিটিক গত না নুকুলিয়,চড়নদাপায় ধরতাই হানে,Chandapaye dhartai hane,昌达帕耶·达尔泰·哈内,चंदपाये धरतै हने,Chandapaye dhartai hane,Chandapaye Dhartai Hane
কিয়া ইংগো ইয়া আসত,চুপ কেনো,why shut up,为什么闭嘴,चुप क्यों रहें?,¿Por qué callarte?,pourquoi se taire
বপ্পরে না অতারি,বেশি কথা বলো না,don't talk too much,别说太多,ज्यादा बात मत करो,no hables demasiado,ne parle pas trop
ইংগো ইয়া থাক,চুপ হয়ে থাকো,shut up,住口,चुप रहो,callarse la boca,fermez-la
মি ফুটবল খেলনি নুয়ারুরি,আমি ফুটবল খেলতে পারনি না,I couldn't play football,我不能踢足球,मैं फुटबॉल नहीं खेल सका,no pude jugar futbol,Je ne pouvais pas jouer au football
মি আগে ফুটবল খেল্লুগ,আমি আগে ফুটবল খেলতাম,I used to play football,我以前踢足球,मैं फुटबॉल खेलता था,yo solía jugar al fútbol,Je jouais au football
তেই ভলিবল খেলিরি,সে ভলিবল খেলে,He plays volleyball,他打排球,वह वॉलीबॉल खेलता है,el juega voleibol,Il joue au volley
লেখতে লেখতে আথান দুখানি একরল,লেখতে লেখতে হাত ব্যাথা করছে,Hand hurts while writing,写字的时候手疼,लिखते समय हाथ दुखता है,Me duele la mano al escribir,J'ai mal à la main en écrivant
মি মেকুরি দেখে নুয়ারুরি,আমি বিড়াল পছন্দ করি না,I don't like cats,我不喜欢猫,मुझे बिल्लियाँ पसंद नहीं हैं,no me gustan los gatos,je n'aime pas les chats
মি বাঘ দরপাওরি,আমি বাঘ ভয় পাই,I'm afraid of tigers,我怕老虎,मुझे बाघों से डर लगता है,tengo miedo de los tigres,j'ai peur des tigres
হাই বিদ্যা,হ্যাঁ সত্যি,yes true,是的，是的,हाँ सत्य,si cierto,oui c'est vrai
মি অউ দুখাওরি,আমারও ব্যাথ্যা করছে,I'm sick too,我也有病,मैं भी बीमार हूं,yo también estoy enfermo,je suis malade aussi
পারুরি নাই,পারো তো,you can,你可以,तुम कर सकते हो,puede,tu peux
তর আহিংহান চুনা নাইসে,তোমার জামা সুন্দর না,Your clothes are not nice,你的衣服不好看,तुम्हारे कपड़े अच्छे नहीं हैं,Tu ropa no es bonita,Tes vêtements ne sont pas beaux
পাকদিয়া আহিকগা,ঘুরে আসি,come around,过来,मान जाओ,venir en,venir
আকমু বরণ বারো আকমু রুদগ,কখনো বৃষ্টি আবার কখনো রোদ,Sometimes rain and sometimes sun,时而下雨，时而阳光,कभी बारिश तो कभी धूप,A veces llueve y a veces sol.,Parfois pluie et parfois soleil
পাকদানি আহের,ঘুরতে ইচ্ছা করছে,wants to travel,想去旅行,यात्रा करना चाहता है,quiere viajar,veut voyager
সমাজর কামে হাবি একলগে মুঙেদে,সমাজের কাজে সবাই একসাথে সামনে,Everyone is forward together in the work of the society,大家在社会工作中共同前进,समाज के कार्यों में सभी लोग मिलकर आगे रहते हैं,Todos avanzamos juntos en el trabajo de la sociedad.,Tout le monde avance ensemble dans le travail de la société
আরতা মাতানিরতা নেই,আর কিছু বলার নাই,Nothing else to say,没什么可说的,और कुछ नहीं कहना है,Nada más que decir,Rien d'autre à dire
আহিং আহান লুয়াদে,একটা জামা কিনে দাও,buy a dress,买一件衣服,एक पोशाक खरीदें,comprar un vestido,acheter une robe
আসতা দিনহান অগরে বাসিয়া গেলগা,সারাদিন তার অপেক্ষা করে গেলো,He waited all day,他等了一整天,वह पूरे दिन इंतजार करता रहा,esperó todo el día,Il a attendu toute la journée
আজি একাদশী হারপিলে,আজ একাদশী বুঝেছ,You understand Ekadashi today,今天你了解了 Ekadashi,आज आप समझें एकादशी,Entiendes Ekadashi hoy,Vous comprenez Ekadashi aujourd'hui
আরতা কাম করানি নাহের,আর কাজ করতে ইচ্ছা করছে না,Not wanting to work anymore,不想再工作了,अब काम नहीं करना चाहता,ya no quiero trabajar,Je ne veux plus travailler
খানি বাসা,একটু অপেক্ষা কর,wait a minute,等一下,ज़रा ठहरिये,espera un minuto,attends une minute
তুমি কিতা হারপিতাই ওয়ারিহান,তোমরা কি বুঝবে গল্পটা,Do you understand the story?,你明白这个故事吗？,क्या आप कहानी समझते हैं?,¿Entiendes la historia?,Comprenez-vous l'histoire?
থেংহান দুখাওরি,পা ব্যাথ্যা করছে,Legs are hurting,腿很痛,पैर दर्द कर रहे हैं,me duelen las piernas,Les jambes font mal
মরকশির দামহান বপিসে এমতাগা,মরিচের দাম বেশি এবার,The price of pepper is high this time,这次辣椒价格高,इस बार काली मिर्च की कीमत अधिक है,El precio de la pimienta esta vez es alto,Le prix du poivre est élevé cette fois
মি আহুরি খানি বাসা,আমি আসছি একটু  অপেক্ষা কর,"I'm coming, wait a minute",我来了，等一下,"मैं आ रहा हूं, एक मिनट रुकिए","ya voy, espera un minuto","J'arrive, attends une minute"
মরে নিয়া যাগা,আমাকে নিয়ে যাও,take me,带我去,मुझे भी साथ लो,llévame,prends-moi
দউ হমাদে,ঈশ্বরকে ভক্তি কর,Worship God,敬拜神,भगवान की आराधना करें,Adorar a Dios,Adorer Dieu
থেয়ো দূরিহাৎ যাগা,সরো দূরে যাও,move away,走开,टलना,alejarse,s'éloigner
আরাক খানির কাজে,আরও একটুর জন্য,for a little longer,再久一点,थोड़ी देर के लिए,por un poco más,pendant un peu plus longtemps
পিদানির ফুতি নেই,পরার কাপড় নেই,No clothes to wear,没有衣服穿,पहनने के लिए कपड़े नहीं हैं,Sin ropa para usar,Pas de vêtements à porter
যিকগা সখি পানি আনিকগা,চলো সই পানি আনি,Let's get some water,我们去拿点水吧,चलो थोड़ा पानी ले आओ,vamos a tomar un poco de agua,Prenons de l'eau
দলা চেহাৎ তোর নাঙহান ইকরিয়া দে,সাদা কাগজে তোমার নাম লিখে দাও,Write your name on the white paper,在白纸上写下你的名字,श्वेत पत्र पर अपना नाम लिखें,Escribe tu nombre en el papel blanco.,Écrivez votre nom sur le livre blanc
কয়হান মাত,কয়টা বল,tell me how many,告诉我有多少,मुझे बताओ कितने,dime cuantos,dis-moi combien
সেন্ধ্যাহাৎ না নিকুলিস,সন্ধ্যায় বের হবেনা,Will not go out in the evening,晚上不会出去,शाम को बाहर नहीं निकलेंगे,No saldrá por la noche,Je ne sortirai pas le soir
গরে মানু আহিসি থককো আয় তি,ঘরে মানুষ এসেছে তাড়াতাড়ি এসো তুমি,"People have come home, come quickly",人家已经回家了，快来吧,"लोग घर आ गये हैं, जल्दी आ जाओ","La gente ha vuelto a casa, ven rápido.","Les gens sont rentrés à la maison, venez vite"
এমতাগা পূর্ণিমারাসে যিতওগা যেসারেউ,এবার রাসপূর্ণিমাতে যাবো যেভাবে হোক,This time I will go to Raspurnima anyway,这次无论如何我都会去拉斯普尼玛,इस बार तो मैं रसपूर्णिमा में हर हाल में जाऊँगा,Esta vez iré a Raspurnima de todos modos.,"Cette fois, j'irai à Raspurnima de toute façon"
বি-হার চে-হানি বিসারিয়া নাপাউরি,জমির কাগজগুলি খোঁজে পাচ্ছিনা,I can't find the land papers,我找不到土地文件,जमीन के कागजात नहीं मिल रहे हैं,No encuentro los papeles de la tierra.,Je ne trouve pas les papiers fonciers
মেয়েকে মেয়েকে,অক্ষরে অক্ষরে,letter by letter,逐字逐句,पत्र के बाद पत्र,letra por letra,lettre par lettre
পহুরিগর নিমে,পুকুরের গভীরে,Deep in the pond,池塘深处,तालाब में गहरा,En lo profundo del estanque,Au fond de l'étang
পাহুরে বেলাসু যানে তি আহিতেই অহান,ভুলে গেছি একেবারে তুমি যে আসবে,I completely forgot that you will come,我完全忘记了你会来,मैं तो भूल ही गया था कि तुम आओगे,Olvidé por completo que vendrás,J'ai complètement oublié que tu viendrais
কাকালিহানে বপিয়া হিনকরের এমতাগা,এবার কোমরটা বেশি কষ্ট দিচ্ছে,Now the waist is causing more pain,现在腰部更加疼痛,अब कमर में ज्यादा दर्द होने लगा है,Ahora la cintura me duele más,"Maintenant, la taille cause plus de douleur"
গাঙাইলগ বাগে যারগা,পাড় ভেঙে যাচ্ছে,The shore is breaking,海岸正在破裂,किनारा टूट रहा है,La orilla se está rompiendo,Le rivage se brise
গুরুসাঙগৎ হমা নুয়ারলু গৎগই,গোয়াল ঘরে ঢুকতে পারছিনা গন্ধে,I can't enter the cattle house because of the smell,因为臭味我不敢进牛舍,मैं बदबू के कारण मवेशियों के घर में प्रवेश नहीं कर सकता,No puedo entrar al gallinero por el olor.,Je ne peux pas entrer dans l'étable à cause de l'odeur
পিহিরে ডাক আহক,পিসিকে ডাকো আসুক,Call the PC,呼叫电脑,पीसी को कॉल करें,Llame a la PC,Appelez le PC
বুইসান দের সাৎ,ভূমিকম্প দিচ্ছে মনে হয়,It seems like an earthquake,好像地震了,ऐसा लगता है मानो भूकंप आ गया हो,Parece un terremoto,On dirait un tremblement de terre
অরে বুজিসে পথহান,পথ কাঁদায় ভরা,The path is full of tears,路上满是泪水,रास्ता आंसुओं से भरा है,El camino está lleno de lágrimas.,Le chemin est plein de larmes
রাতিয়ে বিয়ানে তোর কথা ইমে খালকরুরি কিন্তু বারেদে নাদেখা দেওরি অহানে তি হান্নাপাওরি,দিনে রাতে শুধু তোমার কথায় ভাবি কিন্তু বাইরে দেখায় না তাই তুমি বুঝোনা,Day and night I only think about your words but it doesn't show outside so you don't understand,日日夜夜我只想着你的话却没有表现出来所以你不明白,मैं दिन रात सिर्फ तेरी बातों के बारे में सोचता हूं लेकिन वो बाहर दिखाई नहीं देती इसलिए तुम समझ नहीं पाते,Día y noche solo pienso en tus palabras pero no se nota afuera para que no entiendas,Jour et nuit je ne pense qu'à tes mots mais ça ne se voit pas dehors donc tu ne comprends pas
কুইহান কথা মাতানি আহিয়াউ মাতে নুয়ারলু,কত কথা বলতে চেয়েও বলতে পারিনি,I could not say how much I wanted to say,我说不出我有多想说,"मैं कितना कुछ कहना चाहता था, नहीं कह सका",No sabría decir cuanto quería decir,Je ne pouvais pas dire ce que je voulais dire
গুরুর অসারে মানুও ঘাস খানা থকিসে,গরুর মতো মানুষেরও ঘাস খাওয়া উচিত,Humans should eat grass like cows,人类应该像牛一样吃草,मनुष्य को गाय की तरह घास खानी चाहिए,Los humanos deberían comer hierba como las vacas.,Les humains devraient manger de l'herbe comme les vaches
সরাতে গামসা বিলানির চল এহানে বেলানি থকিসে,শ্রাদ্ধ অনুষ্ঠানে গামছা বিতরণের সংস্কৃতি বাদ দেয়া উচিত,The culture of distributing towels at Shraddha ceremonies should be avoided,应避免在 Shraddha 仪式上分发毛巾的文化,श्राद्ध कर्म में तौलिया बांटने की संस्कृति से बचना चाहिए,Se debe evitar la cultura de distribuir toallas en las ceremonias de Shraddha.,La culture de la distribution de serviettes lors des cérémonies Shraddha doit être évitée
গামসা বিলানি চল হান অনাই লেইরাপা মানু সরাত করানি জবর হিনপিতারা,গামছা বিতরণ সংস্কৃতির কারণে গরীব লোকেরা শ্রাদ্ধ অনুষ্ঠান করতে হিমশিম খায়,Poor people find it difficult to perform Shraddha due to the towel distribution culture,由于分发毛巾的文化，穷人很难进行 Shraddha,तौलिया वितरण संस्कृति के कारण गरीब लोगों को श्राद्ध करने में कठिनाई होती है,A los pobres les resulta difícil realizar Shraddha debido a la cultura de distribución de toallas.,Les pauvres ont du mal à accomplir le Shraddha en raison de la culture de la distribution de serviettes.
তিকহান জবর ইসে সওগর,রাগ খুব বেশি বাচ্চাটার,The child is very angry,孩子很生气,बच्चा बहुत गुस्से में है,el niño esta muy enojado,L'enfant est très en colère
আমার ডাঙরিয়া সংগঠন অতাই আমার চল অতা সংস্কারর কাম করানি থক,আমাদের প্রতিষ্ঠিত সংগঠনগুলোর আমাদের বিভিন্ন প্রথা সংস্কারের কাজ করা উচিত,Our established organizations should work to reform our various practices,我们现有的组织应该努力改革我们的各种做法,हमारे स्थापित संगठनों को हमारी विभिन्न प्रथाओं में सुधार के लिए काम करना चाहिए,Nuestras organizaciones establecidas deberían trabajar para reformar nuestras diversas prácticas.,Nos organisations établies devraient travailler à réformer nos différentes pratiques
মহাদেবর বন্দা আতে আতে থার,মহাদেবের ষাঁড় হেঁটে হেঁটে থাকে,Mahadev's bull keeps walking,马哈德夫的公牛继续行走,महादेव का बैल चलता रहता है,El toro de Mahadev sigue caminando,Le taureau de Mahadev continue de marcher
হাদা-মাহি অতারিতা তপটা করে বেললে,যাতা বলে গরম করে ফেলেছো,You have heated it up,你已经把它加热了,तुमने तो इसे गर्म कर दिया है,Lo has calentado,Tu l'as réchauffé
আমার ইমার ঠারে লেংকরা সাহিত্যর পাকরেকুরা নেই,আমাদের মাতৃভাষায় রচিত সাহিত্যের পাঠক নেই,Literature written in our mother tongue has no readership,用我们的母语写的文学没有读者,हमारी मातृभाषा में लिखे गए साहित्य का कोई पाठक वर्ग नहीं है,La literatura escrita en nuestra lengua materna no tiene lectores,La littérature écrite dans notre langue maternelle n'a pas de lectorat
কালি রাতি ৯ টাত মান্ডপে তিলুইতাঙাই,আগামীকাল রাত ৯ টায় মন্ডপে মিলিত হবো,I will meet at Mandap tomorrow at 9 o'clock,我明天 9 点在 Mandap 见面,मैं कल सुबह 9 बजे मंडप में मिलूंगा,Me reuniré en Mandap mañana a las 9 en punto.,Je me retrouverai à Mandap demain à 9 heures
সাগলক্ষয় বপ নাখেই জারা নুয়ারবে,মাশকালাই ডাল বেশি খেয়োনা হজম হবেনা,"Do not eat too much mashkalai dal, it will not be digested",不要吃太多马什卡莱木豆，它不会被消化,"मशकलाई दाल ज्यादा न खाएं, पचेगी नहीं","No comas demasiado mashkalai dal, no será digerido.","Ne mangez pas trop de mashkalai dal, il ne sera pas digéré"
এরে নাকসাম তিঙদা অগ কুরাঙকারগ,এই ঘাড় ত্যাড়া লোক কোথাকার,Where is this crooked man from?,这个歪歪扭扭的男人是哪里来的？,यह टेढ़ा आदमी कहां का है?,¿De dónde es este hombre corrupto?,D'où vient cet homme tordu ?
পাহিয়া অগর নাঙহান কিহান,পাখিটার নাম কি,what is the name of the bird,那只鸟叫什么名字,पक्षी का नाम क्या है,como se llama el pájaro,quel est le nom de l'oiseau
অজারে সাজারাঙ হমা,গুরু'কে ভক্তিভরে প্রণাম,Obeisance to the Guru,顶礼上师,गुरु को प्रणाम,Reverencia al Gurú,Obéissance au Guru
পিসে অতারতৌ এপাগা থইলু,পরে বলবো এখন রাখছি,"I'll tell you later, I'm keeping it now",稍后我会告诉你，我现在保留着,"मैं आपको बाद में बताऊंगा, मैं इसे अभी रख रहा हूं","Te lo cuento luego, me lo quedo ahora.","Je te le dirai plus tard, je le garde maintenant"
চুমনেই কথা না অতারি,অনুচিত কথা বলোনা,Do not speak inappropriately,请勿发表不当言论,अनुचित बातें न करें,No hables inapropiadamente,Ne parlez pas de manière inappropriée
হায় কথা অতারা,সত্য কথা বলো,tell the truth,说实话,सच बताओ,decir verdad,dire la vérité
লনচাক সপাহান ফুল নাহিসে,ব্যাডমিন্টন বল গাছে ফুল আসে নাই,The badminton ball plant did not flower,羽毛球植物不开花,बैडमिंटन बॉल के पौधे में फूल नहीं आए,La planta de pelotas de bádminton no floreció,La plante de la balle de badminton n'a pas fleuri
মাঙসেঙ নাকরি গরে,ঘরে অশুদ্ধি করোনা,Do not defile the house,不要玷污房子,घर को अपवित्र मत करो,No profanes la casa,Ne souillez pas la maison
হাবিগিয়ে আহিগি মেলিয়া চেই,দেখতাউতাহে,See you,再见,फिर मिलते हैं,Nos vemos,À bientôt
আমুনি বিদিয়া না অতারি,আঙুল তোলে কথা বলবে না,Don't raise your finger,不要举起你的手指,अपनी उंगली मत उठाओ,No levantes el dedo,Ne lève pas le doigt
উরাদারা ইয়া আহিতে পাহুরেবেলাসু,তাড়াহুড়ো করতে গিয়ে ভুলে গেছি,I forgot in my haste,我在匆忙中忘记了,मैं जल्दबाजी में भूल गया,lo olvidé en mi prisa,J'ai oublié dans ma hâte
বিঙেদের আৎহাননো লেখরগ ইসৎ তিতে,তুমি তো বাম হাত দিয়ে লেখো দেখতেছি,I see you write with your left hand,我看到你用左手写字,मैं तुम्हें बाएं हाथ से लिखते हुए देखता हूं,Te veo escribir con la mano izquierda,Je vois que tu écris avec ta main gauche
বাতেদর আৎহাৎ বল নেই মোরতা,ডান হাতে শক্তি নেই আমার,I have no strength in my right hand,我右手没有力气,मेरे दाहिने हाथ में ताकत नहीं है,No tengo fuerza en mi mano derecha.,Je n'ai aucune force dans ma main droite
নিঙশিঙ অওরি হুরকাকাল,মনে পড়ছে ছোটকাল,I remember my childhood,我记得我的童年,मुझे अपना बचपन याद है,Recuerdo mi infancia,Je me souviens de mon enfance
আহেই আমার ঠারর সাহিত্য পাকরিক হাবিয়ে,এসো সবাই আমাদের ভাষার সাহিত্য পড়ি,Let's all read the literature of our language,让我们都阅读我们语言的文学作品,आइए हम सब अपनी भाषा का साहित्य पढ़ें,Leamos todos la literatura de nuestra lengua.,Lisons tous la littérature de notre langue
আরতা নাকোরিম এসারে কাম,এরকম কাজ আর করবোনা,I will not do this again,我不会再这样做了,मैं दोबारा ऐसा नहीं करूंगा,no haré esto otra vez,Je ne ferai plus ça
সওগনাই বেলা,আরতা না অতারি,Arata or Atari,阿拉塔或雅达利,अराता या अटारी,Arata o Atari,Arata ou Atari
মি না দেহিসু কুঙগ আহিয়া গিয়াসেগাগ,আমি দেখিনি কে এসে গিয়েছে,I didn't see who came,我没看到谁来了,मैंने नहीं देखा कौन आया था,no vi quien vino,Je n'ai pas vu qui est venu
টাংহা পয়সা নেইসে এমতাগা,টাকা পয়সা নাই এবার,No money now,现在没钱了,अभी पैसे नहीं हैं,No hay dinero ahora,Pas d'argent maintenant
লেপোপরিগা আরতা না দিলুইব,ঠিক হয়ে গেছে আর দেরি হবেনা,It's done and won't be late,已经完成并且不会迟到,यह हो गया है और देर नहीं होगी,Está hecho y no llegará tarde.,C'est fait et il ne sera pas en retard
চাংখল নাইসে সপাহান,পরিপূর্ণ হয়নাই গাছটি,The tree is not full,树还没有满,पेड़ पूरा नहीं है,el arbol no esta lleno,L'arbre n'est pas plein
কুমপাগা চৈতন্যপূজা,চৈতন্যপূজা কখন,When is Chaitanya Puja?,柴坦尼亚法会什么时候举行？,चैतन्य पूजा कब है?,¿Cuándo es Chaitanya Puja?,Quand a lieu Chaitanya Puja ?
লামুই নিকুললা,শিয়াল বেরিয়েছে,The fox is out,狐狸出来了,लोमड़ी बाहर है,el zorro esta afuera,Le renard est sorti
লেইরাপা মানুর ওয়ারি,গরীব মানুষের গল্প,A poor man's story,一个穷人的故事,एक गरीब आदमी की कहानी,La historia de un hombre pobre.,L'histoire d'un pauvre
সওকোরা অহাৎ ঠেইপং বপ নাখেইয়ো,এই গরমে কাঁঠাল বেশি খেয়োনা,Don't eat too much jackfruit in this summer,这个夏天不要吃太多菠萝蜜,इस गर्मी में ज्यादा कटहल न खाएं,No comas demasiada yaca en este verano.,Ne mangez pas trop de jacquier cet été
আরুমে থাইয়া চেইস,আড়ালে থেকে চেয়ো,Stay behind,留在后面,पीछे रहना,Quedarse,Rester en arrière
নুঙি নাইসে,ভালো লাগছে না,don't feel good,感觉不太好,अच्छा नहीं लगता,no te sientes bien,je ne me sens pas bien
আহঙগা মি,আমি আসছি,i am coming,我来了,आ रहा हूँ,Vengo,J'arrive
না অতারিয়া কাম কর,কথা না বলে কাজ করো,Act without talking,不说话就行动,बिना बात किये कार्य करें,actuar sin hablar,Agir sans parler
আরতা নাহিম,আর আসবো না,I will not come again,我不会再来了,मैं दोबारा नहीं आऊंगा,no volveré otra vez,je ne reviendrai plus
পাকদে পাকদে থাক ইমে,ঘুরে ঘুরে থাকো শুধু,Just hang around,只是闲逛,बस घूमते रहो,Sólo quédate por ahí,Il suffit de traîner
আলথক নাই,মুঙেদে হাৎ,Mungede Hat,芒格德帽子,मुंगेदे टोपी,Sombrero Mungede,Chapeau Mungede
হাননাপৈলে হারপা,না বুঝলে বুঝ,"If you don't understand, understand",如果你不明白，就明白,नहीं समझे तो समझो,"Si no entiendes, entiendes.","Si vous ne comprenez pas, comprenez"
রাতি কবিতা পাকরুরি হাদদিন,প্রতিদিন রাতে কবিতা পড়ি,I read poetry every night,我每天晚上都读诗,मैं हर रात कविता पढ़ता हूं,Leo poesía todas las noches.,Je lis de la poésie tous les soirs
বিয়ান-মাদান-রাতি আকহান ইমে কাম তোরতা,সকাল-বিকাল-রাত একটাই কাজ তোমার,"Morning, afternoon and night, you have only one job",早上、下午、晚上，你只有一份工作,"सुबह, दोपहर और रात, बस एक ही काम है तुम्हारा","Mañana, tarde y noche, sólo tienes un trabajo.","Matin, après-midi et soir, tu n'as qu'un seul travail"
দাপদিতে দাপদিতে চকথা ইলু,দৌঁড়াতে দৌঁড়াতে ক্লান্ত হলাম,I'm tired of running,我厌倦了跑步,मैं दौड़ते दौड़ते थक गया हूं,estoy cansado de correr,j'en ai marre de courir
মোরতা যানার পথ নেই আরতা,আমার যাবার পথ নেই আর,I have no way to go,我无路可走,मेरे पास जाने का कोई रास्ता नहीं है,no tengo camino a seguir,Je n'ai aucun chemin à parcourir
এপাগাও নম নাইল,এখনো শেষ হলোনা,It's not over yet,事情还没结束,यह अभी तक खत्म नहीं हुआ है,aún no ha terminado,Ce n'est pas encore fini
নওগৎ দুগ কান,নৌকায় দুটো ছিদ্র,Two holes in the boat,船上有两个洞,नाव में दो छेद,Dos agujeros en el barco,Deux trous dans le bateau
পাতার হাদি হাদিৎ ফুল সাতুইসে,পাতার ফাঁকে ফাঁকে ফুল ফুটেছে,Flowers bloomed between the leaves,花朵在叶间绽放,पत्तों के बीच फूल खिले,Las flores florecieron entre las hojas.,Les fleurs ont fleuri entre les feuilles
বেণীগো বুরিল,সূর্য ডুবছে,the sun is setting,太阳正在落山,सूरज डूब रहा है,el sol se está poniendo,le soleil se couche
কিসারে ইলহান,কিভাবে হলো,how did it happen,它是怎么发生的,यह कैसे हुआ,Cómo ha ocurrido,Comment est-ce arrivé
মি কবিতা আবৃত্তি করুরি,আমি কবিতা আবৃত্তি করি,I recite poetry,我背诵诗歌,मैं कविता सुनाता हूँ,recito poesia,je récite de la poésie
বিয়ানকার বেণীগ চুনা অর,সকালের সূর্য সুন্দর লাগে,The morning sun is beautiful,早晨的阳光很美丽,सुबह का सूरज खूबसूरत होता है,El sol de la mañana es hermoso,Le soleil du matin est magnifique
কাহুরা লাগিসু,সর্দি লেগেছে,got a cold,感冒了,सर्दी लग गयी,tengo un resfriado,j'ai eu un rhume
প্রভুয়ে মর কথা হান হুনল,ঈশ্বর  আমার কথা শুনেছে,God heard me,上帝听到了我的声音,भगवान ने मेरी सुन ली,Dios me escuchó,Dieu m'a entendu
কুরমুর খাওরি,চানাচুড় খাচ্ছি,I'm messing around,我在胡闹,मैं खिलवाड़ कर रहा हूँ,estoy jugando,je déconne
বরন হানতে দিল নাই,বৃষ্টি তো পরল,It rained,下雨了,बारिश हुई है,Llovió,Il a plu
মাদানে নুকুলানি নুয়ারলু,বিকালে বের হতে পারলাম না,I could not go out in the afternoon,下午我无法出去,मैं दोपहर को बाहर नहीं जा सका,no pude salir por la tarde,Je ne pouvais pas sortir l'après-midi
হিন্দি অতারা পারুরিগ,হিন্দিতে কথা বলতে পারো,Can speak Hindi,会讲印地语,हिंदी बोल सकते हैं,Puede hablar hindi,Peut parler hindi
চিড়া খেইক আয়,আসো চিড়া খাই,Let's eat chira,来吃奇拉吧,चलो चिरा खाओ,comamos chira,Mangeons du chira
মি রুটি খাওরি,আমি রুটি খাই,i eat bread,我吃面包,मैं रोटी खाता हूं,yo como pan,je mange du pain
নওগৎ চরানি আহের,নৌকায় উঠতে ইচ্ছা করছে,He wants to get on the boat,他想上船,वह नाव पर चढ़ना चाहता है,el quiere subir al barco,Il veut monter sur le bateau
নওগৎ চরানি আহের,নৌকায় উঠতে ইচ্ছা করছে বাংলা,Bangla wants to get on the boat,孟加拉想要上船,बांग्ला नाव पर चढ़ना चाहता है,Bangla quiere subirse al barco,Bangla veut monter sur le bateau
ফুল সপাহার হাব্বিত্ত হবা ফুল অগো আজি ঝঙিয়া পড়িয়া আজি এই পছিল,ফুল গাছের সবচেয়ে ভালো ফুলটি আজকেই ঝরে পড়ে আজকেই পঁচে গেছে,The best flower on the flower tree has fallen today and is rotten today,花树上最好的花今天落了，今天烂了,फूल के पेड़ का सबसे अच्छा फूल आज गिर गया है और आज सड़ गया है,La mejor flor del árbol de flores ha caído hoy y hoy está podrida.,La meilleure fleur de l'arbre à fleurs est tombée aujourd'hui et est pourrie aujourd'hui
তর নাঙহান কওহান,তোমার নাম কি,what is your name,你叫什么名字,आपका क्या नाम है,cómo te llamas,quel est ton nom
নার হুকে আহের পানি না পিয়া,গলা শুকে যাচ্ছে পানি পান না করে,Throat is getting dry without drinking water,不喝水喉咙就干,पानी पिए बिना गला सूख रहा है,La garganta se seca sin beber agua.,La gorge devient sèche sans boire d'eau
তর নাঙহান কিহান,তোমার নাম কি,what is your name,你叫什么名字,आपका क्या नाम है,cómo te llamas,quel est ton nom
মি আতুরি,আমি হাঁটছি,i am walking,我正在走路,मैं चल रहा हूँ,estoy caminando,je marche
যেসারে আকসারে করিয়া গাৎহান পার ইয়া পরগা,যেকোনো ভাবে নদী পার হয়ে যাও,Cross the river anyway,无论如何都要过河,किसी भी तरह नदी पार करो,Cruzar el río de todos modos,Traverse quand même la rivière
তেই নাসানি পারিরি বুলিয়া হুনলু মি,সে নাচতে পারে বলে আমি শুনলাম,I heard she can dance,听说她会跳舞,मैंने सुना है वह नृत्य कर सकती है,Escuché que ella puede bailar,J'ai entendu dire qu'elle savait danser
লেরিক তামকর হবাকরে,পড়াশোনা ভালোকরে করো,Study well,好好学习,अच्छे से पढ़ाई करो,Estudia bien,Bien étudier
মি ফুতি ঠিক করুরি,আমি কাপড় ঠিক করছি,I am fixing the clothes,我正在整理衣服,मैं कपड़े ठीक कर रहा हूं,estoy arreglando la ropa,je répare les vêtements
মি লেরিখ চাওরি,আমি বই পরছি,I am reading a book,我正在看书,मैं एक किताब पढ़ रहा हूं,estoy leyendo un libro,je lis un livre
গাঙেগাঙে পৌচেল দেই,গ্রামে গ্রামে খবর দাও,Give news to village to village,把消息传到村到村,गांव-गांव खबर दो,Dar noticias de pueblo en pueblo.,Donner des nouvelles de village en village
সেন্ধ্যাহার আরতিহান অকরলা,সন্ধ্যার প্রার্থনা শুরু হয়েছে,The evening prayer has begun,晚祷开始了,शाम की प्रार्थना शुरू हो गई है,La oración de la tarde ha comenzado.,La prière du soir a commencé
পেটগ কামারার,পেট ব্যথা করছে,Stomach ache,腹痛,पेटदर्द,Dolor de estómago,Mal au ventre
বপপরে দাঙর নাসাই,বেশি অহংকার করো না,Don't be too proud,别太骄傲,ज्यादा घमंड मत करो,No seas demasiado orgulloso,Ne sois pas trop fier
লেমতলগনো মুঙেদে হাৎ,হারিকেন নিয়ে সামনে আগাও,Go ahead with the hurricane,与飓风一起前行,तूफ़ान के साथ आगे बढ़ो,Adelante con el huracán,Allez-y avec l'ouragan
কিসারে কিতা,কেমন আছেন,how are you,你好吗,आप कैसे हैं,Cómo estás,comment vas-tu ?
মোরে চাঙ অহান লেইরেক নাকোরি,আমাকে এতটা অবহেলা করোনা,Don't neglect me so much,别这么忽视我,मेरी इतनी उपेक्षा मत करो,no me descuides tanto,Ne me néglige pas autant
সময় আহাৎ আমার মানুয়ে মুষ পালিলাগ,এক সময় আমাদের মানুষ মহিষ পালাতো,"Once upon a time, our people used to escape from buffaloes",从前，我们的人民曾经逃离水牛,एक समय था जब हमारे लोग भैंसों से भागते थे,Érase una vez nuestro pueblo para escapar de los búfalos.,"Autrefois, notre peuple échappait aux buffles"
এলা হুনেহুনে আৎ,গান শুনে শুনে হাঁটো,Walk listening to music,边走边听音乐,संगीत सुनते हुए चलें,caminar escuchando musica,Marcher en écoutant de la musique
না খালকোরি কিৎতা নাইব,চিন্তা করোনা কিছু হবেনা,"Don't worry, nothing will happen",别担心，什么都不会发生,"चिंता मत करो, कुछ नहीं होगा","No te preocupes, no pasará nada.","Ne t'inquiète pas, rien ne se passera"
কিহান ইসেহান,কি হয়েছে,what happened,发生了什么,क्या हुआ,qué sucedió,ce qui s'est passé
লেরিখ চা,বই পর,after the book,书后,किताब के बाद,después del libro,après le livre
লেরিখ হাত বহ,বই পরতে বসো,Sit down with a book,坐下来看一本书,किताब लेकर बैठ जाओ,Siéntate con un libro,Asseyez-vous avec un livre
মরে কিয়া লেইরিক করুরিহান তি,তুমি আমাকে কেনো অবহেলা করছো,why are you neglecting me,你为什么忽视我,तुम मेरी उपेक्षा क्यों कर रहे हो?,¿Por qué me descuidas?,pourquoi me négliges-tu
আই চা পিক,আসো চা খাই,Let's have tea,我们喝茶吧,चाय पीते हैं,tomemos té,Prenons le thé
কাম হান নাইল,কাজটা হলো না,It didn't work,没用,यह काम नहीं किया,no funcionó,Ça n'a pas marché
আরতাও করতু,আরও করব,will do more,会做更多,और अधिक करूंगा,haré más,fera plus
কিয়া মি তর জাগাহাত বহিতওতা,কেন আমি তোমার জায়গায় বসব,Why should I sit in your place?,我为什么要坐在你的位置上？,मुझे आपकी जगह क्यों बैठना चाहिए?,¿Por qué debería sentarme en tu lugar?,Pourquoi devrais-je m'asseoir à ta place ?
সেদাসেদি দিয়া মরিসি,কোপাকুপি করে মারা গেসে,He died angry,他愤怒而死,वह गुस्से में मर गया,murió enojado,Il est mort en colère
ফুতিহানি তিঙিল,কাপড়চোপড় ভিজে গেছে,The clothes are wet,衣服湿了,कपड़े गीले हैं,la ropa esta mojada,Les vêtements sont mouillés
তি মরে নাচেই,আমার দিকে তাকিয়ো না,don't look at me,别看我,मेरी ओर मत देखो,no me mires,ne me regarde pas
মর কাজে দৌ নিঙকরেদিস,আমার জন্য প্রার্থনা করো,pray for me,为我祈祷,मेरे लिए प्रार्थना करें,reza por mi,prie pour moi
হরনিহানলো তালকর,ঝাড়ু দিয়ে তাড়াও,Sweep away,扫一扫,मिटा दें,Barrer,Balayer
হরনিলো বারা,ঝাড়ুপেটা করো,sweep up,扫荡,साफ करना,barrer,balayer
বুজন অগো নাবে নাবেতা করের,বৃদ্ধ লোকটি উল্টাপাল্টা আচরন করে,The old man behaved in reverse,老人的行为恰恰相反,बूढ़े ने उलटा व्यवहार किया,El viejo se comportó al revés.,Le vieil homme s'est comporté à l'envers
কেহেমগ চখা ইসে,আনারসটি টক,The pineapple is sour,菠萝是酸的,अनानास खट्टा है,La piña es agria,L'ananas est aigre
মি মাছ না খাওরি,আমি মাছ খাই না,I don't eat fish,我不吃鱼,मैं मछली नहीं खाता,no como pescado,je ne mange pas de poisson
মি তোমারাং যাওরিগা,আমি তোমাদের বাসায় যাচ্ছি,I am going to your house,我要去你家,मैं तुम्हारे घर जा रहा हूँ,voy a tu casa,je vais chez toi
মি তোমারাং আহুরি,আমি তোমাদের বাসায় আসছি,I am coming to your house,我来你家,मैं आपके घर आ रहा हूं,voy a tu casa,je viens chez toi
জির মেরিক,আগুনের ফুলকি,Flame of fire,火的火焰,आग की लपट,llama de fuego,Flamme de feu
মি খানি আগে ঘরে আহিলু হানে,আমি একটু আগে বাড়িতে এসেছি,I came home a little earlier,我提前回家了一点,मैं थोड़ा पहले घर आ गया,Llegué a casa un poco antes,Je suis rentré un peu plus tôt
মেহেতগত বারি নেই,ম্যাচে কাঠি নাই,There is no stick in the match,比赛中没有棍子,माचिस में कोई स्टिक नहीं है,No hay palo en el partido.,Il n'y a pas de bâton dans le match
তোর ঘরগো কুরাঙ?,তোমার বাড়ি কোথায়?,where is your house,你的房子在哪里,आपका घर कहां है,donde esta tu casa,où est ta maison
খাংদা হুনলুতা তি ঘরে আহিসত,হঠাৎ শুনলাম তুমি বাড়িতে এসেছ,Suddenly I heard you came home,突然听说你回家了,अचानक मैंने सुना कि तुम घर आये,De repente escuché que llegaste a casa,"Soudain, j'ai entendu que tu étais rentré à la maison"
লেরিক খানি চা,একটু বই পড়ো৷,Read a little book,读一本小书,एक छोटी सी किताब पढ़ें,leer un pequeño libro,Lire un petit livre
সময় আহান করিয়া আকদিন আমারাং আহিস,সময় করে একদিন আমাদের বাড়িতে এসো,Come to our house one day,有一天来我们家,एक दिन हमारे घर आओ,Ven a nuestra casa un día,Viens chez nous un jour
আজি সৌকরা হান জবর ইসে,আজ গরম অনেক বেশি,It's very hot today,今天很热,आज बहुत गर्मी है,hace mucho calor hoy,Il fait très chaud aujourd'hui
বরন দেনাই দিন হান খানি চিকুইল,বৃষ্টি হওয়ায় দিনটা কিছুটা ঠান্ডা হয়েছে,The day is a bit cold due to rain,由于下雨天有点冷,बारिश के कारण दिन थोड़ा ठंडा है,El día está un poco frío debido a la lluvia.,La journée est un peu froide à cause de la pluie
মোরতা বি রুহানি আহের,আমার ধান রোপণ করতে ইচ্ছে করছে,I want to plant rice,我想种水稻,मैं चावल लगाना चाहता हूं,quiero sembrar arroz,je veux planter du riz
আজি হবিষ খানাহান পড়িসে,আজকে হবিষ খাওয়া পড়েছে,"Today, Havish has eaten",今天，哈维什吃了,आज हविश खाया है,"Hoy, Havish ha comido","Aujourd'hui, Havish a mangé"
আজিকা জোলাকগোর মাঙালগো হবা নায়সে,আজকে চাঁদের আলো ভালো না,The moonlight is not good today,今天月色不太好,आज चांदनी अच्छी नहीं है,La luz de la luna no es buena hoy.,Le clair de lune n'est pas bon aujourd'hui
আজিকার উষয়অর ইরোলপাহান হুয়াত ইসিল,আজকের বাঁশকোরলের ভর্তাটি মজা হয়েছিল,Today's bamboo coral filling was fun,今天的竹珊瑚馅很好玩,आज का बांस मूंगा भरना मजेदार था,El relleno de coral de bambú de hoy estuvo divertido.,Le remplissage de corail de bambou d'aujourd'hui était amusant
মি হিনিয়া আহিলু চন্দনোর উপুগো নিকালা দে,আমি স্নান করে আসছি তিলকদানিটি বের করে দাও,"I am taking a bath, take out the tilakdani",我正在洗澡，把提拉克达尼拿出来,"मैं स्नान कर रहा हूँ, तिलकदानी निकालो","Me estoy bañando, saca el tilakdani.","Je prends un bain, sors le tilakdani"
কত্তজাতর মহাবীরনো আমি লপুকগোদে দাপদোরাং,অনেক রকমের ঘুড়ি নিয়ে আমরা মাঠে দৌড়াচ্ছি,We are running in the field with many types of kites,我们带着多种类型的风筝在田野里奔跑,हम कई तरह की पतंगें लेकर मैदान में दौड़ रहे हैं,Estamos corriendo en el campo con muchos tipos de cometas.,Nous courons sur le terrain avec de nombreux types de cerfs-volants
মি ঘুমিলু,আমি ঘুমালাম,i slept,我睡了,मैं सो गया,dormí,j'ai dormi
মি গরে আসু,আমি ঘরে আছি,i am at home,我在家里,मैं घर में हु,estoy en casa,je suis à la maison
তেই ঘুমাসে,সে ঘুমাচ্ছে,he is sleeping,他正在睡觉,वह सो रहा है,el esta durmiendo,il dort
এক্ক করলে হবা ইতয়,এভাবে করলে ভালো হবে,It will be better if you do it this way,如果你这样做的话会更好,अगर आप इसे इस तरह से करेंगे तो बेहतर होगा,Será mejor si lo haces de esta manera.,Ce sera mieux si tu le fais de cette façon
আজিকার নওথংহান জিয়াদ্দা ইসে,আজকের সবজির তরকারি খুবই মজাদার,Today's vegetable curry is very tasty,今天的蔬菜咖喱很好吃,आज की सब्जी बहुत स्वादिष्ट बनी है,El curry de verduras de hoy está muy rico,Le curry de légumes d'aujourd'hui est très savoureux
কামুরিমাঙনা লাগিয়া স্কুলে নাগিয়াসু,ডায়রিয়ায় আক্রান্ত হয়ে স্কুলে যায় নাই,Did not go to school due to diarrhea,因腹泻没去上学,दस्त के कारण स्कूल नहीं गया,No fue a la escuela por diarrea.,Je ne suis pas allé à l'école à cause de la diarrhée
কামুরিমাঙনা ইলে পঙতলর কঙানা ডেঙ খেইলে কানা অর,ডায়রিয়ায় পেয়ারার কচি পাতা খেলে উপকার হয়,Eating guava leaves is beneficial in diarrhoea,吃番石榴叶对治疗腹泻有好处,दस्त में अमरूद की पत्तियां खाने से फायदा होता है,Comer hojas de guayaba es beneficioso en la diarrea,Manger des feuilles de goyave est bénéfique contre la diarrhée
আজিকার হোউ হুয়াত ইসিল,আজকের তরকার খুব সুস্বাদু হয়েছে,Today's curry was very tasty,今天的咖喱很好吃,आज की सब्जी बहुत स्वादिष्ट थी,El curry de hoy estuvo muy rico.,Le curry d'aujourd'hui était très savoureux
মর বারাদেত্ত মাতানির কিত্তাও নেই,আমার দিক থেকে বলার কিছু নেই,Nothing to say from my side,我这边无话可说,मेरी तरफ से कहने को कुछ नहीं है,Nada que decir por mi parte,Rien à dire de mon côté
নারকাপুরা আহিসি,চালাক্ক ঘুমা,sleep smart,睡眠聪明,समझदारी से सोएं,duerme inteligentemente,dormir intelligemment
মরে ফটক আগ তুল,আমার একটা ছবি তোল,take a picture of me,给我拍张照片,मेरी एक तस्वीर ले लो,tomame una foto,prends une photo de moi
গুরুগই লাবাগ বিহাসে,গরু একটা বাছুর(পুং) প্রসব করেছে,The cow has given birth to a calf,母牛生下了小牛,गाय ने बछड़े को जन्म दिया है,La vaca ha parido un ternero.,La vache a donné naissance à un veau
তরে মাঙকরলু মি,তোমাকে হারিয়েছি,lost you,失去了你,तुम्हें खो दिया,te perdi,je t'ai perdu
নিঙসামাপি না বেলি,দীর্ঘস্বাস ফেল না,Don't sigh,别叹息,आह मत करो,no suspires,Ne soupire pas
মি কিত্তাও উপনারলু,আমি কিচ্ছু বুঝতেছি না,I don't understand anything,我什么都不懂,मुझे कुछ समझ नहीं आ रहा,no entiendo nada,je ne comprends rien
কিহান করলে তি হারৌ ইতেয়হান,কি করলে তুমি খুশি হবে,What will make you happy?,什么会让你快乐？,आपको क्या खुशी मिलेगी?,¿Qué te hará feliz?,Qu'est-ce qui vous rendra heureux ?
তেই সুপও খেলাত না হমিরি,সে(স্ত্রী) মোটেই খেলায় অংশগ্রহন করে না,She (wife) does not participate in the game at all,她（妻子）根本不参加游戏,वह (पत्नी) खेल में बिल्कुल भी भाग नहीं लेती।',Ella (esposa) no participa en el juego en absoluto.,Elle (femme) ne participe pas du tout au jeu
মেকুরিগই উদুরগ ধরে বেলাসে,বিড়াল ইদুর ধরে ফেলেছে,The cat has caught the mouse,猫捉到了老鼠,बिल्ली ने चूहे को पकड़ लिया है,El gato ha atrapado al ratón.,Le chat a attrapé la souris
কারেন্ট নেই,তার উপর কামাড়িয়া নমকরলা,Kamaria bowed to him,卡玛利亚向他鞠躬,कमरिया ने उसे दण्डवत् किया,Kamaria se inclinó ante él.,Kamaria s'inclina devant lui
দলা বুড়া ঘুমিলেতা,দলা বুড়া ঘুমিয়েগেছ,You fell asleep,你睡着了,तुम सो गए,te quedaste dormido,Tu t'es endormi
তেত্তা হুহা তেত্তা হুহা করিয়া লামুইয়ে রুহিতারা,হুক্কাহুয়া হুক্কাহুয়া করে শিয়াল চিৎকার করে,Hookahhua howled the fox,水烟花狐狸嚎叫,हुक्काहुआ लोमड़ी चिल्लाई,Hookahhua aulló al zorro,Narguilé hurlait le renard
বাবা ওয়ারি আহান দিবে নাই,বাপজান একটা গল্প শুনাবে,Bapjan will tell a story,巴普詹会讲一个故事,बापजान एक कहानी सुनाएंगे,Bapjan contará una historia,Bapjan racontera une histoire
যুক্তিনো ততারা,যুক্তি দিয়ে কথা বল,Speak logically,说话有逻辑,तार्किक ढंग से बोलें,Habla lógicamente,Parlez logiquement
যুক্তিনো প্রশ্ন করানি হবা,যুক্তি সহকারে প্রশ্ন করা ভালো,It is better to ask logical questions,最好提出符合逻辑的问题,तार्किक प्रश्न पूछना बेहतर है,Es mejor hacer preguntas lógicas.,Il vaut mieux poser des questions logiques
যুক্তিতর্ক বিজ্ঞান দিয়া বিচার করানি,যুক্তিতর্ক বিজ্ঞান দিয়ে বিচার করতে হবে,Logic must be judged by science,逻辑必须以科学来判断,तर्क को विज्ञान द्वारा परखा जाना चाहिए,La lógica debe ser juzgada por la ciencia.,La logique doit être jugée par la science
অন্ধবিশ্বাস না করিয়,অন্ধভাবে বিশ্বাস করবা না,Don't trust blindly,不要盲目相信,आंख मूंदकर भरोसा न करें,No confíes ciegamente,Ne faites pas confiance aveuglément
বিজ্ঞানর আলোয় আলোকিত  অক এরে পৃথিবীর মানু হাবি,বিজ্ঞানের আলোয় আলোকিত হওক বিশ্ব ধরনী,May the world be enlightened by the light of science,愿世界被科学之光照亮,विज्ञान के प्रकाश से विश्व आलोकित हो,Que el mundo sea iluminado por la luz de la ciencia.,Que le monde soit éclairé par la lumière de la science
পহুরিগত মাছ লরতারা,পুকুরে মাছ নড়াচড়া করে,Fish move in the pond,鱼在池塘里游动,तालाब में मछलियाँ घूमती रहती हैं,Los peces se mueven en el estanque.,Les poissons bougent dans l'étang
আত্তে আত্তে চকথা ইলু,হাটতে হাটতে কষ্ট লাগে,It is difficult to walk,走路很困难,चलना मुश्किल है,es dificil caminar,Il est difficile de marcher
বাহা খানি জিরাবেলাঙ,দাড়াও একটু জিরিয়ে নেই,Not even a little standing,连一点点站立都没有,तनिक भी खड़ा नहीं हुआ,Ni siquiera un poco de pie,Pas même un peu debout
আজি রাতি মর পাহাড়া আসে,আজকে রাতে আমার পাহাড়া আসে,Tonight my pahara comes,今晚我的帕哈拉来了,आज रात मेरा पहरा आता है,Esta noche viene mi pahara,Ce soir mon pahara vient
ইশ অক্ক নাকরি,আহা এভাবে কর না,Oh don't do it like that,哦，别那样做,अरे ऐसा मत करो,Oh no lo hagas así,"Oh, ne fais pas ça comme ça"
সোনা বেটা রাতিহান ডিলুইল,ঘুমজাগা,wake up,醒来,जागो,despertar,réveillez-vous
আজিকার রোদ অগোতে বেরা লাগিছে,আজিকের রোদ খুবি মারাত্মক,Today's sun is very severe,今天的阳光非常毒辣,आज की धूप बहुत कड़ी है,El sol de hoy es muy severo.,Le soleil d'aujourd'hui est très sévère
হপনে দেখুরি,মোর সৌগরে বাহানা পাউরি,My excuse is poor,我的借口很差劲,मेरा बहाना ख़राब है,mi excusa es pobre,Mon excuse est médiocre
কাকালিহান তেরা ইয়া,আতারি সাবি ডাঙ্গো,Atari Sabi Dango,雅达利 Sabi Dango,अटारी सबी डांगो,Atari Sabi Dango,Atari Sabi Dango
ঘাটর পানি,নদীর পানি,river water,河水,नदी का पानी,agua del rio,eau de rivière
পহুরিগত হাতুরিয়া থানা আহের,পুকুরে সাতার কাটতে ইচ্ছে করে,I want to swim in the pond,我想去池塘里游泳,मैं तालाब में तैरना चाहता हूँ,quiero nadar en el estanque,Je veux nager dans l'étang
হপনর রানী,স্বপ্নেরর রাণী,Queen of dreams,梦想中的女王,सपनों की रानी,reina de los sueños,Reine des rêves
আক্খুলা মানুগ মিতে,এমি বড় একলা মানুষ,Amy is a big lonely person,艾米是一个孤独的大人,एमी बहुत अकेली इंसान है,Amy es una gran persona solitaria.,Amy est une grande personne seule
লৌদিয়া ডাক,চিৎকার করে ডাক,shout out,喊出来,चिल्लाओ,gritar,crier
মরতা আহানি আহের,আমার হাসি পাচ্ছে,making me laugh,让我笑,मुझे हँसाना,haciéndome reír,me fait rire
নিকুল বে নাই,বের হও,get out,出去,चले जाओ,salir,sortir
থক্ক যাগা,জরদি যাও,go yellow,变黄,पीले हो जाओ,amarillear,passer au jaune
মুরগো কামারার,মাথা ব্যাথা করে,headache,头痛,सिरदर्द,dolor de cabeza,mal de tête
ইমা রে ডাখুরি,মাকে ডাকি,call mom,打电话给妈妈,माँ को बुलाओ,llama a mamá,appelle maman
ইমার কথা হুনিক,মার কথা শুনি,I listen to my mother,我听妈妈的话,मैं अपनी मां की बात सुनता हूं,escucho a mi madre,J'écoute ma mère
যানার দিনহান আহিল,যাবার সময় এসেছে,It's time to go,是时候该走了,यह जाने का समय है,es hora de ir,Il est temps d'y aller
বপার লগে ইয়ারি দিলাঙ দিন অতা,দাদুর সাথে গল্প  আড্ডা দেওয়ার দিনগুলো,The days of chatting with grandfather,和爷爷聊天的日子,दादाजी से बातचीत के दिन,Los días de charlar con el abuelo.,Les jours de discussion avec grand-père
আহো হাবি,সবাই এসো,everyone come,大家都来,सब आओ,todos vengan,tout le monde vient
ইমায় দাখিরি ভাত খানার কা,মা ডাকছে,mother is calling,妈妈打电话来,माँ बुला रही है,madre esta llamando,maman appelle
আকমাউ দেখাদে প্রভু,একবার দেখা দাও হে প্রভু,"See me once, O Lord",见我一次，主啊,"हे प्रभु, एक बार मुझे देख लो","Mírame una vez, oh Señor","Regarde-moi une fois, ô Seigneur"
দিন দিয়া যারগা,সময় চলে যাচ্ছে,Time is running out,时间不多了,समय समाप्त हो रहा है,El tiempo se acaba,Le temps presse
আমি কিয়া মানু,আমরা কেন মানুষ,Why are we human?,我们为什么是人类？,हम इंसान क्यों हैं?,¿Por qué somos humanos?,Pourquoi sommes-nous humains ?
এহানদে আয়,খানার তা খেয়া যাগা,Eat it,吃它,इसे खाएं,Cómelo,Mange-le
আমার গাঙ,আমাদের গ্রাম,our village,我们村,हमारा गाँव,nuestro pueblo,notre village
মরে ভাত দে,আমাকে ভাত দাও,give me rice,给我米饭,मुझे चावल दो,dame arroz,donne-moi du riz
লেহুর সবজি,লাইশাকেরর সবজি,Laishaker's vegetables,莱沙克的蔬菜,लैशकर की सब्जियाँ,Verduras de Laishaker,Légumes de Laishaker
লৌদিয়া ডাক,চিৎকার করে ডাকা,shout out,喊出来,चिल्लाओ,gritar,crier
মাতেসিলে,আরাক খানি দু:খ দিতেই,Arak Khani to give sorrow,阿拉克·卡尼 (Arak Khani) 给予悲伤,दु:ख देने वाली अरक खानी,Arak Khani para dar pena,Arak Khani pour donner du chagrin
নিংশিঙ অরতা?,মনে পরে কি?,What do you remember?,你还记得什么？,आपको क्या याद है?,¿Qué recuerdas?,De quoi te souviens-tu ?
মোরাংত তি কিহান পাছৎ,আমার থেকে কি পেলে,What can you get from me?,你能从我这里得到什么？,आप मुझसे क्या प्राप्त कर सकते हैं?,¿Qué puedes obtener de mí?,Que peux-tu obtenir de moi ?
মোর হুরকাঙ ঘরগো,আমার ছোট ঘর,my little house,我的小房子,मेरा छोटा सा घर,mi pequeña casa,ma petite maison
মারুপগ না য়েকনাপাগ কিসারে হারপানি,বন্ধু নাকি শত্রু কিভাবে বুঝব,How to understand friend or foe,如何理解朋友或敌人,मित्र या शत्रु को कैसे समझें?,Cómo entender al amigo o al enemigo,Comment comprendre un ami ou un ennemi
মেঙসেলহান চা,আয়না দেখ,look in the mirror,照照镜子,आईने में देखो,mirate en el espejo,regarde dans le miroir
আহির পানি,চুখের পানি,Mouth watering,垂涎三尺,मुँह में पानी आना,Agua en la boca,L'eau à la bouche
তোমারতা হারপানির সময় নাইসে,তোমাদের বোঝার সময় হয় নি,You haven't had time to understand,你还没有时间去了解,आपके पास समझने का समय नहीं है,No has tenido tiempo de entender,Tu n'as pas eu le temps de comprendre
বিয়ানতো উঠিয়া লৌদিয়া ডাহেরতা,সকাল সকাল চিৎকার করে ডাকছে,The morning is calling,清晨在召唤,सुबह बुला रही है,La mañana esta llamando,Le matin appelle
রাতি এহান বরন দিল,রাতে বৃষ্টি হলো,It rained at night,晚上下雨了,रात को बारिश हुई,Llovió por la noche,Il a plu la nuit
কাদা বারার মানুর লগে কৌলি না লাগিও,প্রতিবেশী মানুষের সাথে ঝগড়া করো না,Don't quarrel with neighbors,不要与邻居争吵,पड़ोसियों से झगड़ा न करें,No pelees con los vecinos,Ne vous disputez pas avec les voisins
তলেদে চেয়া আতাননি,নিচে দেখে হাটা,Look down and walk,低头走,नीचे देखो और चलो,Mira hacia abajo y camina,Baisse les yeux et marche
মোর ঘুমহানতে সুমে খাসি,কাঠপোকার মতো ঘুমটাকে কুরে কুরে খেয়েছে,He ate the sleep like a woodpecker,他像啄木鸟一样吃掉睡眠,उसने कठफोड़वे की तरह नींद खा ली,Se comió el sueño como un pájaro carpintero.,Il a mangé le sommeil comme un pic
দেশান্তরীগ অয়াতে কিহান কানা,দেশান্তরী হয়ে কি লাভ বলো,What is the benefit of migrating?,迁移有什么好处？,प्रवास करने से क्या लाभ?,¿Cuál es el beneficio de migrar?,Quel est l’avantage de migrer ?
মেস্তরীগর পিতক,মিস্ত্রির ছেলে,son of a mason,石匠的儿子,एक राजमिस्त्री का बेटा,hijo de un albañil,fils de maçon
লুকর সপাৎ বৌ আহেছে,গাছের ডালে বাতাস বয়ছে,The wind is blowing on the tree branches,风吹过树枝,पेड़ की शाखाओं पर हवा चल रही है,El viento sopla sobre las ramas de los árboles.,Le vent souffle sur les branches des arbres
মরে নেগা তর লগে,আমাকে নিয়ে যাও,take me,带我去,मुझे भी साथ लो,llévame,prends-moi
দিন গুজুরার,বিদ্যুৎ চমকায়,Lightning flashes,闪电闪烁,बिजली चमकती है,relámpagos,Des éclairs
কুরাঙ কাদিরি আকখুলিগ,খানি বিসারেয়া চাঙ,Khani Bisareya Chang,卡尼·比萨雷亚·张,खानी बिसरेया चांग,Khani Bisareya Chang,Khani Bisareya Chang
বরনর পানির লগে বাহিয়া যাগা,বৃষ্টির পানির সাথে ভেসে যাও,Wash away with the rainwater,用雨水冲走,बारिश के पानी से धो लें,Lavar con el agua de lluvia.,Laver avec l'eau de pluie
বরনহান আহিল,বৃষ্টি আসছে,rain is coming,雨来了,बारिश हो रही है,viene la lluvia,la pluie arrive
দুয়ার,খিলকি,Khilki,希尔基,खिल्की,Jilki,Khilki
আহৌ আটহান গাট লালয়া সালছেতা কুরাঙ?,একশত আট নদী পেরিয়ে যাচ্ছে যাচ্ছে কই?,One hundred and eight rivers are going to cross where?,一百零八条河流要流经哪里？,एक सौ आठ नदियाँ कहाँ पार करने वाली हैं?,¿Por dónde van a cruzar ciento ocho ríos?,Où vont se croiser cent huit rivières ?
যেগরে মি হবা পাউরি,আমি যাকে ভালোবাসি,the one i love,我爱的人,जिस एक से में प्यार करता हूँ,el que amo,celui que j'aime
খানিক করে ইমপানি অ,একটু নি:শব্দে থাক,Be quiet,安静,चुप रहें,Tranquilizarse,Soyez silencieux
যানে লাসনেই,একটুও লজ্জা নেই,No shame at all,一点也不羞耻,बिल्कुल भी शर्म नहीं,No hay vergüenza en absoluto,Aucune honte du tout
লেইরাপা এ আখি দ্বিয়গি কারে চেইতো মাতে দে,বলে দাও - কার প্রতীক্ষায় জেগে থাকবে এ ক্লান্ত দুটি চোখ,Tell me - for whom these two tired eyes will be awake,告诉我这两只疲倦的眼睛将为谁而醒来,बताओ - ये दोनों थकी हुई आँखें किसके लिए जागेंगी,"Dime, ¿para quién estarán despiertos estos dos ojos cansados?",Dis-moi - pour qui ces deux yeux fatigués seront éveillés
হপনহানি তর হতগৎ বাহুয়া দেং করে,স্বপ্নগুলো তোমার স্রোতে সঁপে দেব বলে,I will send the dreams to your stream,我会把梦想发到你的直播间,मैं सपनों को आपकी धारा में भेजूंगा,Enviaré los sueños a tu stream.,J'enverrai les rêves sur ton stream
বিসারেয়া কানা নেই,খোজে কোন লাভ নেই,There is no use in searching,搜索没有用,ढूंढने से कोई फायदा नहीं,No sirve de nada buscar,Il ne sert à rien de chercher
তিতে কিয়া মরে বেলিয়া আহিলেতা,তুমি কেনো আমাকে ফেলে আসলে,why did you leave me,你为什么离开我,तुम मुझे क्यों छोड़ा,¿Por qué me dejaste?,pourquoi m'as-tu quitté
মোরে কাদুইলে তিয়ো কাদতেই ঔহানতে হারপাসত,জানো,know,知道,जानना,saber,savoir
মর খুল্লা  বেয়ক গো তা,আমার ছোট ভাই সে,He is my younger brother,他是我弟弟,वह मेरा छोटा भाई है,el es mi hermano menor,C'est mon petit frère
ইরেইর দিনে বান্দারা আহান থৌরাং করিসি,শুক্রবারের দিন এক গনভোজের আয়োজন করা হয়েছে,A banquet is organized on Friday,周五举办宴会,शुक्रवार को भोज का आयोजन किया गया है,Se organiza un banquete el viernes.,Un banquet est organisé vendredi
লিশিঙ লিশিঙ,হাজার হাজার,thousands of,数千,हज़ारों,miles de,des milliers de
জারর পরগর কাজে লামভেই আহান দুহান বুল,শীতকালের জন্য  গরম চাদর দুয়েকটা  বুনো,A couple of warm sheets are available for winter,冬天有几张温暖的床单,सर्दियों के लिए कुछ गर्म चादरें उपलब्ध हैं,Un par de sábanas cálidas están disponibles para el invierno.,Quelques draps chauds sont disponibles pour l'hiver
এইগারে ফিদাহান পারেদেনা লাগের,ঠাকুরমশাইকে আসন পেতে দিতে হয়,Grandpa has to be allowed to get a seat,必须让爷爷有座位,दादाजी को जगह मिलने देनी होगी,Al abuelo se le debe permitir sentarse,Grand-père doit être autorisé à s'asseoir
রাতিহান দিলুইল,অনেক রাত হয়ে গেছে,It's late at night,已经是深夜了,देर रात हो गई है,es tarde en la noche,Il est tard dans la nuit
তাঙর মুনিশৌ অগো য়াউকাল ইসে,ওদের বাচ্চাছেলেটা দুষ্টু,Their baby boy is naughty,他们的宝贝儿子很调皮,उनका बच्चा शरारती है,Su bebé es travieso,Leur petit garçon est méchant
পহুরিগো নিমুইসে,পুকুরটি সুগভীর,The pond is deep,池塘很深,तालाब गहरा है,El estanque es profundo,L'étang est profond
বাহা সপাততো উশই আগো সেদিয়া আনগা,বাঁশঝাড় থেকে একটি বাঁশ কোড়ল কেটে আনো,Cut a bamboo stick from the bamboo plant,从竹子上剪下一根竹棍,बांस के पौधे से एक बांस की छड़ी काट लें,Corta una vara de bambú de la planta de bambú.,Coupez un bâton de bambou dans la plante de bambou
নুঙশি হজক জুলর হউত বরা,পুদিনা পাতা জুলে(এক ধরণের মণিপুরী স্যুপজাতীয় তরকারি) দাও,Add mint leaves to jule (a type of Manipuri soup-like curry).,将薄荷叶加入 jule（一种曼尼普尔语汤状咖喱）中。,जूल (एक प्रकार की मणिपुरी सूप जैसी करी) में पुदीने की पत्तियां मिलाएं।,Agregue hojas de menta al jule (un tipo de curry parecido a una sopa Manipuri).,Ajoutez des feuilles de menthe au Jule (un type de curry semblable à une soupe Manipuri).
হবাকরে বিসারা,গিরক,Girak,吉拉克,गिराक,Girak,Girak
নাহিনিয়া চাকুমে হমানি নাকরের,স্নান না করে রান্নাঘরে প্রবেশ নিষেধ,Do not enter the kitchen without taking a bath,未洗澡请勿进入厨房,बिना स्नान किये रसोईघर में प्रवेश न करें,No entres a la cocina sin bañarte,N'entrez pas dans la cuisine sans prendre un bain
লেইরাঙহাত চা আসেতাহে,চুলায় চা রাখা আছে,There is tea in the oven,烤箱里有茶,ओवन में चाय है,Hay té en el horno.,Il y a du thé dans le four
হেলপা চন,অতিরিক্ত চাল,extra rice,额外的米饭,अतिरिक्त चावल,arroz extra,riz supplémentaire
লেমপা তাঙখা,অবশিষ্ট টাকা,Remaining money,剩余资金,शेष धन,dinero restante,Argent restant
ফাতিকমর আথি গুনি বেলাদে,ধনেপাতার কিছুসংখ্যক বীজ বুনে দাও,Sow few coriander seeds,撒几粒香菜种子,धनिये के कुछ बीज बोयें,Siembra algunas semillas de cilantro.,Semez quelques graines de coriandre
আলু উহানা দে,আলু সিদ্ধ করো,Boil the potatoes,将土豆煮沸,आलू उबालें,hervir las patatas,Faire bouillir les pommes de terre
মরকসি এতা কঙানা ইসে,এই মরিচগুলো কচি,These peppers are young,这些辣椒还年轻,ये मिर्चें युवा हैं,Estos pimientos son jóvenes.,Ces poivrons sont jeunes
যেপাগাও লাঙকরানি অকরেরতা নাবে,যখন তখন  মজা করা উচিত নয়,When should not be fun,什么时候不应该好玩,जब मजा नहीं आना चाहिए,Cuando no debería ser divertido,Quand cela ne devrait pas être amusant
নুয়া আহিঙ আহান উর,নতুন একটা জামা পরো,Wear a new dress,穿上新衣服,नई पोशाक पहनें,Usa un vestido nuevo,Portez une nouvelle robe
শৌগো লিপাক হাত গুমাসে,বাচ্চাটা মাদুরে শুয়েছে,The child is sleeping on the mat,孩子睡在垫子上,बच्चा चटाई पर सो रहा है,El niño está durmiendo sobre la colchoneta.,L'enfant dort sur le tapis
সামপা পথ না বিসারি,সহজ পদ্ধতি/পথ খুঁজো না,Don't look for the easy way out,不要寻找简单的出路,बाहर निकलने का आसान रास्ता मत तलाशो,No busques la salida fácil,Ne cherchez pas la solution de facilité
লাইপা কামহান,সহজ কাজ,easy job,轻松的工作,आसान काम,trabajo fácil,travail facile
য়ারি আহান দে,একটা গল্প বলো,tell a story,讲一个故事,एक कहानी बताओ,contar una historia,raconter une histoire
আধারহাত হরপ না পারাদিস,অন্ধকারে সাপের গায়ে পা দিও না,Don't step on snakes in the dark,黑暗中不要踩蛇,अँधेरे में साँपों पर पैर न रखें,No pises serpientes en la oscuridad,Ne marchez pas sur les serpents dans le noir
যেহানদেও যাকগা,না মাঙুইবো,I will not ask,我不会问,मैं नहीं पूछूंगा,no voy a preguntar,je ne demanderai pas
হউপাত খানি আনিস,কিছু তরিতরকারি এনো,Bring some snacks,带一些零食,कुछ नाश्ता ले आओ,Trae algunos bocadillos,Apportez des collations
হুরকাঙ মাছ চখানো হিজিলে চানা অর,টক দিয়ে ছোট মাছ রান্না করলে মানায়,It is suitable if you cook small fish with sour cream,如果用酸奶油煮小鱼就适合,यदि आप छोटी मछली को खट्टी क्रीम के साथ पकाते हैं तो यह उपयुक्त है,Es adecuado si cocinas pescado pequeño con crema agria.,Cela convient si vous cuisinez des petits poissons avec de la crème sure
ঘুমেতো উঠলে গো?,ঘুম থেকে উঠেছ,you woke up,你醒了,आप जाग गए,te despertaste,tu t'es réveillé
মানুর ফোনকল না ধরিস,অন্যদের ফোনকল ধরবা না,Do not pick up other people's phone calls,不要接听别人的电话,दूसरे लोगों का फ़ोन न उठाएं,No contestes llamadas telefónicas de otras personas,Ne répondez pas aux appels téléphoniques des autres
মরে চা,আমাকে দেখো,look at me,看着我,मेरी तरफ देखो,mírame,Regardez-moi
লউদ্দিয়া না অতারিস,জোরে কথা বলবা না,Do not speak loudly,请勿大声说话,ऊंचे स्वर में न बोलें,No hables en voz alta,Ne parlez pas fort
চকলেট নাখেইস,চকলেট খাবা না,Don't eat chocolate,不要吃巧克力,चॉकलेट मत खाओ,no comas chocolate,Ne mange pas de chocolat
পাকদাত যিকগা,ঘুরতে যায়,goes for a walk,去散步,घूमने जाता है,sale a caminar,va se promener
একলোগে লেরিক চেইক,একসাথে বই পড়ি,Read books together,一起看书,साथ मिलकर किताबें पढ़ें,leer libros juntos,Lire des livres ensemble
না অতারিয়া নাথাইস,কথা না বলে থাকবা না,Don't keep talking,别继续说话,बात मत करो,no sigas hablando,Ne continue pas à parler
তি চুনা ইসত,তুমি সুন্দর,you are beautiful,你很美丽,तुम सुंदर हो,eres hermoso,tu es belle
আজি বেনিগর মিঙালহান বপিসে,আজ সূর্যের আলো বেশি,Today the sun shines more,今天的阳光更加灿烂,आज सूरज ज्यादा चमक रहा है,Hoy el sol brilla más,Aujourd'hui le soleil brille davantage
লেরিক না তামকরলে কিৎতা হবারে হান নাপৈবে,বই না পড়লে কোনো কিছু ভালো করে বুঝতে পারবে না,You cannot understand anything without reading books,不读书你什么都无法理解,बिना किताबें पढ़े आप कुछ भी नहीं समझ सकते,No puedes entender nada sin leer libros.,On ne peut rien comprendre sans lire des livres
সেঙকুম চিপের অগ নাহিসে না কিহান,দুধ দোহিতা আসেনি নাকি,Did the milk not come?,牛奶没来吗？,क्या दूध नहीं आया?,¿No vino la leche?,Le lait n'est pas arrivé ?
সেঙকুম অর রংহান দলা,দুধের রং সাদা,The color of milk is white,牛奶的颜色是白色的,दूध का रंग सफ़ेद होता है,El color de la leche es blanco.,La couleur du lait est blanche
বিয়ানে পাহিয়া পাল আহান ফুরদিয়া গেলেগা,সকালে একঝাঁক পাখি উড়ে গেলো,A flock of birds flew in the morning,清晨，一群鸟飞过,सुबह-सुबह पक्षियों का एक झुंड उड़ गया,Una bandada de pájaros voló por la mañana.,Une volée d'oiseaux a volé le matin
হাদদিন খানি খানি করিয়া আতলে গারিগ বলি ইয়া থার,প্রতিদিন একটু একটু করে হাঁটলে শরীর ভালো থাকে,A little walk every day is good for the body,每天散步一点对身体有好处,प्रतिदिन थोड़ी सैर शरीर के लिए अच्छी होती है,Un pequeño paseo todos los días es bueno para el cuerpo.,Une petite marche chaque jour est bonne pour le corps
বিয়ানকার বৌ এহান নুঙি লাগের,সকালের হাওয়াটা ভালো লাগে,I like the morning air,我喜欢早晨的空气,मुझे सुबह की हवा पसंद है,me gusta el aire de la mañana,J'aime l'air du matin
রাতি দিলুইয়া ঘুমানি অহান গারিগর কাজে হবানেই,রাতে দেড়ি করে ঘুমানো সরীরের জন্য ভালো না,Sleeping half a night is not good for the body,睡半夜对身体不好,आधी रात सोना शरीर के लिए अच्छा नहीं है,Dormir media noche no es bueno para el cuerpo,Dormir une demi-nuit n’est pas bon pour le corps
অংক খানি বাগাদেঙ আয়,অংক একটু শিখায় আসো,Let's learn some numbers,让我们来学习一些数字,आइए कुछ संख्याएँ सीखें,Aprendamos algunos números,Apprenons quelques chiffres
বাই,চা পিক আয়,Tea pick income,茶采收入,चाय पिक आय,Ingresos por recolección de té,Revenus de cueillette de thé
ইংরেজি হবাকরে হাননাপাওরি মি,ইংরেজি ভালো করে বুঝিনা আমি,I don't understand English well,我不太懂英语,मुझे अंग्रेजी ठीक से समझ नहीं आती,no entiendo bien ingles,Je ne comprends pas bien l'anglais
রাতি চর আহিসিলা,রাতে চোর এসেছিলো,The thief came at night,小偷半夜来了,रात को चोर आया,El ladrón vino de noche.,Le voleur est venu la nuit
রুদগ তাপপো তাপপো বপে আহের,রোদ আস্তে আস্তে বেড়ে আসছে,The sun is rising slowly,太阳正在慢慢升起,सूरज धीरे-धीरे उग रहा है,El sol sale lentamente,Le soleil se lève lentement
পানিহাৎ জাঙহানি জাবুরিয়া থো,পানিতে পাগুলো ভিজিয়ে রাখো,Soak your feet in water,把脚泡在水里,अपने पैरों को पानी में भिगो लें,Remoja tus pies en agua,Trempez vos pieds dans l'eau
সমাজে এপাগা হুদদা সেবারি,সমাজে এখন শুধু সেবক,Only servants in the society now,现在社会上只有公仆,समाज में अब केवल नौकर,Sólo sirvientes en la sociedad ahora.,Il n'y a que des serviteurs dans la société maintenant
দৌ'র ভাত হাকরে দেনার সময়হান ইল,দেবতার ভোগ দেয়ার সময় হলো,It's time to indulge the gods,是时候祭拜诸神了,यह देवताओं को प्रसन्न करने का समय है,Es hora de complacer a los dioses.,Il est temps de faire plaisir aux dieux
ইরেই অর দিনে মি আহিতৌগ গাঙে,শুক্রবারে আমি আসবো গ্রামে,I will come to the village on Friday,星期五我会来村里,मैं शुक्रवार को गांव आऊंगा,Iré al pueblo el viernes.,Je viendrai au village vendredi
আহৌ আককুড়ি থাইলে দে,একশত বিশ টাকা থাকলে দাও,"If you have one hundred and twenty rupees, give it",如果你有一百二十卢比，就给它,तुम्हारे पास एक सौ बीस रुपये हों तो दे दो,"Si tienes ciento veinte rupias, dásela.","Si vous avez cent vingt roupies, donnez-les"
গবর অতা রুদগৎ হুকা,সার ইবতা,Fertilizer,肥料,उर्वरक,Fertilizante,Engrais
কাহুরা লাগিসে মোরতা,কাঁশি লেগেছে আমার,I have a cough,我咳嗽,मुझे खाँसी है,Tengo tos,Je tousse
হুকানা কাহানি না কিহান,শুকনো কাঁশি নাকি,Dry hair or not?,头发干还是不干？,बाल सूखें या नहीं?,¿Cabello seco o no?,Cheveux secs ou pas ?
আজি দিনহান নঙনাঙ ইসে,আজ দিনের অবস্থা ভালো না,Today is not good,今天不太好,आज का दिन अच्छा नहीं है,hoy no es bueno,"Aujourd'hui, ce n'est pas bon"
মাটির ঘর এপাগা আরতা নেইল গাঙগরে নেই,মাটির ঘর এখন আর নেই গ্রামে-গঞ্জে,There are no more mud houses in the villages,村里已经没有泥房了,गाँवों में अब मिट्टी के घर नहीं हैं,Ya no hay casas de barro en los pueblos,Il n'y a plus de maisons en terre battue dans les villages
কুমেইহান অকরলা,থককো হাজিয়া নমো,Stay still,保持静止,अभी भी रहते हैं,quédate quieto,Reste immobile
বাগা জিনিসহান হঙকরে বেলা,ভাঙা জিনিসটা ঠিক করে ফেলো,Fix the broken thing,修复损坏的东西,टूटी हुई चीज़ को ठीक करें,Arregla lo roto,Réparez la chose cassée
লপুকেতো গুরুগ আনগা,মাঠ থেকে গরু নিয়ে এসো,Bring the cow from the field,把牛从田里牵出来,गाय को खेत से ले आओ,Trae la vaca del campo.,Ramenez la vache du champ
অতারানি নাহের এপাগা,কথা  বলতে ইচ্ছে করছে না এখন,I don't want to talk now,我现在不想说话,मैं अभी बात नहीं करना चाहता,no quiero hablar ahora,Je ne veux pas parler maintenant
রাতি নুঙেই কুকুর রুহিলা,মাঝরাতে কুকুর ডাকছে,The dog is calling in the middle of the night,半夜狗叫,आधी रात को कुत्ता बुला रहा है,El perro llama en mitad de la noche.,Le chien appelle au milieu de la nuit
মুরগ নঙিয়া থাক,মাথা নিচু করে থাক,Keep your head down,低下头,अपना सिर नीचे रखें,Mantén la cabeza baja,Gardez la tête baissée
গজেদে চা,উপরে তাকাও,look up,抬头,ऊपर देखो,buscar,chercher
সুশান্ত মুরগ খারাপ মানুগ,সুশান্তর মাথা খারাপ,Sushantar is upset,苏珊塔尔很不高兴,सुशांतर परेशान है,Sushantar está molesto,Sushantar est bouleversé
হুনা,খানি মুসন কম কর,Just reduce the monsoon,只是减少季风,बस मानसून कम करो,Simplemente reduce el monzón,Réduisez simplement la mousson
খংকারৌ হান পিদেবেলা,প্যান্ট পরে ফেলো,Put on the pants,穿上裤子,पैंट पहनो,ponte los pantalones,Mets le pantalon
আহিঙহান খাতিসে,শার্ট মানাইছে,The shirt fits,这件衬衫很合身,शर्ट फिट है,la camisa encaja,La chemise me va
হউত নুন চাম ইসে,তরকারিতে লবন বেশী,Curries are high in salt,咖喱含盐量高,करी में नमक की मात्रा अधिक होती है,El curry tiene un alto contenido de sal.,Les currys sont riches en sel
মি লেরিক বাগাদেনাত যাওরিগা,আমি বই পড়াতে যাচ্ছি,I am going to teach books,我要教书,मैं किताबें पढ़ाने जा रहा हूं,voy a enseñar libros,je vais enseigner des livres
তাঙারে নিয়া আহা আহি করতারা,তাদের নিয়ে হাসাহাসি চলছে,They are being laughed at,他们被嘲笑,उनका मजाक उड़ाया जा रहा है,Se están riendo de ellos,On se moque d'eux
মেশিনহার আওয়াজ হানে মুরগ খারাপ করেবেল্ল,মেশিনের শব্দে মাথা খারাপ অবস্থা,Headache due to machine noise,因机器噪音而头痛,मशीन के शोर के कारण सिरदर्द,Dolor de cabeza por el ruido de las máquinas.,Maux de tête dus au bruit des machines
পথগ নাপেয়া অরহানদে লামিয়া আহিলু,রান্তা না পেয়ে কাদাতে নেমে এসেছি,I came down in the mud without getting Ranta,我跌倒在泥里却没有得到兰塔,मैं रंता को पाए बिना कीचड़ में उतर आया,Caí al barro sin atrapar a Ranta.,Je suis tombé dans la boue sans avoir Ranta
লেইরাপা মানুরতা ভগবানই ভরসা,গরীব মানুষের ইশ্বরই ভরসা,God is the hope of poor people,上帝是穷人的希望,भगवान गरीब लोगों की आशा है,Dios es la esperanza de los pobres.,Dieu est l'espoir des pauvres
বপ্পরে না অতারি,বেশি কথা বলো বা,talk more or,多说话或,अधिक बात करें या,hablar más o,parler davantage ou
অতারিয়া কিতা করতে?,কথা বলে কি করবে?,What do you talk about?,你在说什么？,आप किस बारे में बात करते हैं?,¿De qué hablas?,De quoi parles-tu ?
চন্দ্র মোহন অজার লেংকরা এলা অতা হুনানি নুঙশি ইসে,চন্দ্র মোহন গুরুর লেখা গান শুনতে মধুর লাগে,Songs written by Chandra Mohan Guru are sweet to listen to,钱德拉·莫汉·古鲁 (Chandra Mohan Guru) 创作的歌曲非常好听,चंद्र मोहन गुरु के लिखे गाने सुनने में मधुर लगते हैं,Las canciones escritas por Chandra Mohan Guru son dulces de escuchar,Les chansons écrites par Chandra Mohan Guru sont douces à écouter
এলা হুনিয়া রাতি ঘুমানি দিলর,গান শুনে রাতে ঘুমাতে দেরী হয়,Listening to music makes you sleep late at night,听音乐可以让你在深夜入睡,संगीत सुनने से आपको रात में देर तक नींद आती है,Escuchar música te hace dormir hasta altas horas de la noche,Écouter de la musique vous fait dormir tard la nuit
ইমা বাবার কথা হুনানি থক,মা বাবার কথা শুনা উচিৎ,Parents should be listened to,应该听家长的话,माता-पिता की बात सुननी चाहिए,Se debe escuchar a los padres,Les parents doivent être écoutés
পিসে-মুঙে হুদদা পানি বারো পানি,পিছনে-সামনে শুধু পানি আর পানি,Water and water back and forth,水水来回,आगे पीछे पानी ही पानी,Agua y agua de ida y vuelta.,De l'eau et de l'eau d'avant en arrière
বরনর দিন দিনগুজুরলে বাহিরে না জিয়গা,বৃষ্টির দিন বজ্রপাত হলে বাহিরে যাবে না,Don't go outside if there is lightning on a rainy day,雨天如有雷电请勿外出,यदि बरसात के दिन बिजली चमक रही हो तो बाहर न निकलें,No salgas si hay relámpagos en un día lluvioso.,Ne sortez pas s'il y a des éclairs un jour de pluie
আজি সরাতে যানা লাগের,আজকে শ্রাদ্ধ পরবর্তী কীর্তনে যেতে হবে,Today we have to go to Kirtan after Shraddha,今天我们在Shraddha之后要去Kirtan,आज श्राद्ध के बाद कीर्तन में जाना है,Hoy tenemos que ir a Kirtan después de Shraddha.,"Aujourd'hui, nous devons aller à Kirtan après Shraddha"
হুনা বপার ওয়ারি হুনতে নুংশি লাগের,হুনা দাদুর গল্প শুনতে মধুর লাগে,Huna Dadu's story is sweet to hear,胡娜达杜的故事很好听,हुना दादू की कहानी सुनने में मीठी लगती है,Es dulce escuchar la historia de Huna Dadu,L'histoire de Huna Dadu est douce à entendre
তোর ইমাই দাখিরি,হ বুল এ,At Ho Bull,在何牛,हो बुल में,En Ho Bull,Chez Ho Bull
কতি যতন করিয়া ভগবান অগই তোরে হংকরিছেতা,কত সুন্দর করে ভগবান তোমাকে বানিয়েছে,How beautifully God has made you,上帝把你创造得多么美丽,भगवान ने तुम्हें कितनी खूबसूरती से बनाया है,Que hermoso te ha hecho Dios,Comme Dieu t'a magnifiquement créé
লেইরাপা মানুর জীবন কাদে কাদে যারগা,গরীব মানুষের জীবন কেঁদে কেঁদে যাচ্চে,The life of poor people is crying,穷人的生活在哭泣,गरीबों की जिंदगी रो रही है,La vida de los pobres esta llorando.,La vie des pauvres pleure
তোর মেইথংহান্তে কি সাকতিহান,ভগবানে হংকরিছে অহত মাটি খানি থবদিয়া পিছে ফিনিশিং নাদিয়াছেহান পারা ইসে,Bhagavane Hangkarishe Ahat Mati Khani Thabdia Peche Finishing Nadiachehan Para Ise,Bhagavane Hangkarishe Ahat Mati Khani Thabdia Peche 整理 Nadiachehan Para Ise,भगवाने हंगकारिशे आहत मति खानी थबडिया पेचे फिनिशिंग नादियाचेहन पारा इसे,Bhagavane Hangkarishe Ahat Mati Khani Thabdia Peche Terminando Nadiachehan Para Ise,Bhagavane Hangkarishe Ahat Mati Khani Thabdia Peche finition Nadiachehan Para Ise
অতাইলে মি তোর লগে নাখেলিম,তাহলে আমি তোমার সাথে খেলবো না,Then I won't play with you,那我就不跟你玩了,तो फिर मैं तुम्हारे साथ नहीं खेलूंगा,Entonces no jugaré contigo,Alors je ne jouerai pas avec toi
রুদগউ দের,বরণও দের,welcome,欢迎,स्वागत,bienvenido,accueillir
সউগ টেংথা বেলিয়া কাদিয়া নমিল,তি এপাগাউ এহেত কিহান করুরিহান?,Ti apagau ehet kihan karurihan?,Ti apagau ehet kihan karurihan？,ती अपागौ एहेत किहन करुरिहान?,Ti apagau ehet kihan karurihan?,Tu as pagau het kihan karurihan?
দাঙর আৎতি আগ খাংদা আহিল গাঙে,বড় হাতি একটা হঠ্যাৎ এলো গ্রামে,A big elephant suddenly came to the village,一头大象突然来到村子里,गांव में अचानक एक बड़ा हाथी आ गया,Un gran elefante llegó de repente al pueblo.,Un gros éléphant est soudainement arrivé au village
পেচাগ আহিয়া মুঙর সপাহাৎ বহিসে,পেঁচা এসে সামনের গাছে বসেছে,The owl came and sat on the front tree,猫头鹰来了，坐在前面的树上,उल्लू सामने के पेड़ पर आकर बैठ गया,El búho vino y se sentó en el árbol del frente.,Le hibou est venu et s'est assis sur l'arbre devant
মানুরে চিনানি হিন,মানুষকে চিনা কষ্টকর,Knowing people is difficult,认识人很难,लोगों को जानना कठिन है,conocer gente es dificil,Connaître les gens est difficile
মোর হঙকরা নুয়া নাটক আহান আহের,আমার নির্মাণে নতুন একটা নাটক আসতেছে,A new drama is coming in my production,我的新剧即将上映,मेरे प्रोडक्शन में एक नया ड्रामा आ रहा है,Se viene un nuevo drama en mi producción.,Un nouveau drame arrive dans ma production
এমতাগা পহুরিগত মাছ কতিহান এরাদিলে বাই?,পুকুরে এবার কতটুক মাছ ছাড়ছিস বন্ধু?,How many fish are you leaving in the pond friend?,朋友，你在池塘里留了几条鱼？,"दोस्त, तुम तालाब में कितनी मछलियाँ छोड़ रहे हो?",¿Cuantos peces estas dejando en el estanque amigo?,"Combien de poissons laisses-tu dans l’étang, mon ami ?"
পাহিয়ার রৌহান হুনলে নুঙি লাগের,পাখির শব্দ শুনলে ভালো লাগে,I like to hear the sound of birds,我喜欢听鸟儿的声音,मुझे पक्षियों की आवाज़ सुनना पसंद है,Me gusta escuchar el sonido de los pájaros.,J'aime entendre le bruit des oiseaux
আকদিন আকদিন করিয়া কয়দিন গেলগা এপাগাও নাহিলে,একদিন একদিন করে কতদিন গেলো এখনো আসলে না,"One day after another, how many days have passed, it still doesn't come",一天又一天，多少天过去了，还是没有来,"एक के बाद एक दिन, कितने दिन बीत गए, अब तक नहीं आता","Un día tras otro, cuantos días han pasado, todavía no llega.","Un jour après l'autre, combien de jours ont passé, ça n'arrive toujours pas"
ডিমালা মাছ অগ এরাদেবেলা,ডিমভরা মাছটা ছেড়ে দাও,Leave the roe,留下鱼子,रो छोड़ो,deja las huevas,Laisse les œufs
খানি তাপ্প অতারেই,সউগ ঘুমাছে,Soug is sleeping,苏格正在睡觉,सोग सो रहा है,Soug esta durmiendo,Soug dort
লপুকে বহিয়া ভাত খানার হুয়াৎ অহান আলাদা,মাঠে বসে ভাত খাবার স্বাদটা আলাদা,The taste of eating rice while sitting in the field is different,坐在田野里吃米饭的味道就是不一样,खेत में बैठकर चावल खाने का स्वाद ही अलग होता है,El sabor de comer arroz sentado en el campo es diferente,Le goût de manger du riz assis dans le champ est différent
মইপঙগ রুহিয়া মানু ডাকেই,শঙ্খ বাজিয়ে মানুষ ডাকো,Blow the conch and call people,吹响海螺，呼唤人们,शंख बजाओ और लोगों को बुलाओ,Sopla la caracola y llama a la gente.,Faites sauter la conque et appelez les gens
বিয়ানকার ঘুম অহার নুঙি অহান হাবিৎত জিং,সকালের ঘুমের আরামটা সবচেয়ে বেশি,Morning sleep is the most comfortable,早上的睡眠是最舒服的,सुबह की नींद सबसे आरामदायक होती है,El sueño matutino es el más cómodo.,Le sommeil du matin est le plus confortable
মি ইতেগা তোর লগে সংসার করিয়া আছুতা,আমি বলে তোমার সাথে সংসার করছি,I say I am living with you,我说我和你住在一起,मैं कहता हूं मैं तुम्हारे साथ रह रहा हूं,Yo digo que estoy viviendo contigo,Je dis que je vis avec toi
গাঙ-ঘরে রাতি পাহারা দেনা অকরেই,গ্রামে-ঘরে রাতে পাহারা দেওয়া শুরু করেন,He started guarding every village and house at night,他开始在夜间守卫每个村庄和房屋,वह रात के समय प्रत्येक गाँव और घर की रखवाली करने लगा,Comenzó a vigilar cada pueblo y casa por la noche.,Il a commencé à garder chaque village et chaque maison la nuit
রাতিহান ফুইল,রাত পোহালো,Night fell,夜幕降临,रात हुई,Cayó la noche,La nuit est tombée
আতহান দর না পরবেতা,হাত ধরো যাতে না পড়ে যাও,Hold your hand so you don't fall,握住你的手，以免摔倒,अपना हाथ पकड़ें ताकि आप गिरें नहीं,Toma tu mano para no caer,Tiens ta main pour ne pas tomber
কুরাং যারগাহান বারো তেননাম,কোথায় যাচ্ছো আবার,where are you going again,你又要去哪里,तुम फिर कहाँ जा रहे हो?,¿Adónde vas de nuevo?,où vas-tu encore
মোরতাতে হুদ্দা গালানির ঠার মুরগত আহের,আমার তো শুধু গালিগালাজ মাথায় আসে,I can only think of abuse,我只能想到虐待,मैं केवल दुर्व्यवहार के बारे में सोच सकता हूं,Sólo puedo pensar en abuso,Je ne peux penser qu'à l'abus
হবা কথা বিসারা বিসারা লেখানি কত হিনুইছেহানে,ভালো কথা খুঁজে বের করে লেখা বেশ কষ্টসাধ্য,Finding good words to write is very difficult,找到好词来写是非常困难的,लिखने के लिए अच्छे शब्द ढूँढना बहुत कठिन है,Encontrar buenas palabras para escribir es muy difícil,Trouver de bons mots à écrire est très difficile
কিহান বারো চাং-অহান বিবুলা ইসৎহান,কি এমন হয়েছে এতো উতলা হয়েছো,Why are you so stupid?,你怎么这么傻？,तुम इतना बेवकूफ क्यो हो?,¿Por qué eres tan estúpido?,Pourquoi es-tu si stupide ?
সারাজীবন অহন কতি গালি খেয়া গিয়াসুতা,জীবনভর কত গালি খাইছি,I have been swearing all my life,我一生都在发誓,मैं जीवन भर कसम खाता रहा हूं,He estado jurando toda mi vida,J'ai juré toute ma vie
তাপথা ইয়া বহ খানি,শান্ত হয়ে বসো একটু,Calm down,冷静下来,शांत हो,Cálmate,Calme-toi
আগাত বহিয়া লেখাত ধরিসুহানে,পায়খানায় বসে বসে লিখছি,I am sitting in the closet and writing,我坐在衣柜里写字,मैं कोठरी में बैठा हूँ और लिख रहा हूँ,Estoy sentado en el armario y escribiendo.,Je suis assis dans le placard et j'écris
পৌ দিলা কালি গিয়া তাঙর লগে দেহা করতৌগা,খবর দিয়েছে কাল গিয়ে দেখা করবো তাদের সাথে,He informed me that he will go and meet them tomorrow,他告诉我他明天会去见他们,उन्होंने मुझे बताया कि वह कल जाकर उनसे मिलेंगे,Me informó que irá a reunirse con ellos mañana.,Il m'a informé qu'il irait les rencontrer demain
বহিতে বহিতে আকুয়া জাংহাত ধরে নেরগা,বসে থাকতে থাকতে পায়ে ধরেছে,Caught on the leg while sitting,坐着时被夹住腿,बैठे-बैठे पैर में लग गया,Atrapado en la pierna mientras estaba sentado.,Coincé à la jambe alors qu'il était assis
আস্তা রাতি আহান পুললাপ ফুইয়া রাস আহান চানা আহের,পুরো এক রাত জেগে রাস দেখতে ইচ্ছে করছে,I want to stay up all night to watch Ras,我想熬夜看拉斯,मैं रास देखने के लिए पूरी रात जागना चाहता हूं,Quiero quedarme despierto toda la noche para ver a Ras.,Je veux rester éveillé toute la nuit pour regarder Ras
আরতা বিসারিয়া না পাউরি,আর খোঁজে পাচ্ছিনা,Can't find it anymore,再也找不到了,अब यह नहीं मिल सकता,Ya no puedo encontrarlo,Je ne le trouve plus
যাংগা মাণ্ডপে গিয়া দৌ হমাদিয়া আহঙগা,যাই মন্দিরে গিয়ে দেবতা ভক্ত করে আসি,Let's go to the temple and worship the deity,我们去寺庙拜拜神吧,चलो मंदिर चलें और भगवान की पूजा करें,Vayamos al templo y adoremos a la deidad.,Allons au temple et adorons la divinité
পাতায় বুজিসে উঠানহান,পাতায় ভরেছে উঠান,The yard is full of leaves,院子里长满了树叶,आँगन पत्तों से भरा है,El patio está lleno de hojas.,La cour est pleine de feuilles
বহকগ গরগ হুরেদে গপপারা,বৌমা ঘর ঝাড়ু দাও একটু,Grandma sweep the house a little,奶奶稍微扫了扫房子,दादी घर में थोड़ा झाड़ू लगाओ,La abuela barre un poco la casa.,Grand-mère balaie un peu la maison
পানি করানি আহের,প্রস্রাবের বেগ ধরেছে,Urinary urgency,尿急,मूत्र संबंधी तात्कालिकता,Urgencia urinaria,Urgence urinaire
মুহি আহিরি আমারাঙ,মাসি আসতেছে আমাদের ঘরে,Aunt is coming to our house,阿姨要来我们家,मौसी हमारे घर आ रही हैं,La tía viene a nuestra casa.,Tante vient chez nous
আহিতে আহিতে দাতগি কেলুইল,হাসতে হাসতে দাঁত ঝরে গেলো,Laughing teeth fell out,笑起来牙齿掉了,हँसने के दाँत टूट गये,Se cayeron los dientes de risa,Les dents de rire sont tombées
অফিসর কাম বেললু,অফিসের কাজ ফেললাম,I did office work,我做过办公室工作,मैंने ऑफिस का काम किया,hice trabajo de oficina,J'ai fait du travail de bureau
ইবগা পানির ডগগ লাগিল,হয়েছে পানির পিপাসা লাগেছে,I am thirsty for water,我渴了要水,मुझे पानी की प्यास लगी है,tengo sed de agua,j'ai soif d'eau
বিয়ানে নিকাছু কল অগ মাদানহান নাইছে তেন্নাম আগিয়া মুতিয়া নম্পরেবেলাছি,সকালে পরিষ্কার করা গোয়ালঘরটি এখনো বিকাল হয়নি তাতেই হেগে-মুতে শেষ করে ফেলছে,Hegge-Mute finishes cleaning the cowshed in the morning and it is not yet afternoon,赫格穆特早上打扫完牛棚，现在还不到下午,हेग्गे-म्यूट ने सुबह गौशाला की सफाई पूरी कर ली है और अभी दोपहर नहीं हुई है,Hegge-Mute termina de limpiar el establo por la mañana y aún no es tarde,Hegge-Mute finit de nettoyer l'étable le matin et ce n'est pas encore l'après-midi
হেনু লককোরানিৎ যিতউয়াগ আজি,আম কুঁড়াতে যাবো আজ,I am going to pick mangoes today,今天我要去摘芒果,मैं आज आम तोड़ने जा रहा हूं,hoy voy a recoger mangos,Je vais cueillir des mangues aujourd'hui
তাপ উঠিয়া ফামহাৎ পরিয়া আসু,জ্বর উঠে বিছানায় পড়ে আছি,I am lying in bed with fever,我发烧躺在床上,मैं बुखार से पीड़ित होकर बिस्तर पर पड़ा हूं,estoy acostado en la cama con fiebre,Je suis au lit avec de la fièvre
কালিৎত মি বিয়াম করানি অকরতউগ,কাল থেকে ব্যায়াম করা শুরু করবো আমি,I will start exercising from tomorrow,我从明天开始锻炼,मैं कल से व्यायाम शुरू करूंगा,Empezaré a hacer ejercicio a partir de mañana.,Je vais commencer à faire du sport à partir de demain
পানি বপ পিনা হবা,পানি বেশি খাওয়া ভালো,It is better to drink more water,最好多喝水,अधिक पानी पीना बेहतर है,Es mejor beber más agua.,Il vaut mieux boire plus d'eau
ফুলর বাগান আহান করতৌগ,ফুলের বাগান একটা করবো আমি,I will make a flower garden,我会建造一个花园,मैं फूलों का बगीचा बनाऊंगा,haré un jardín de flores,je ferai un jardin fleuri
আজিকার রাতি এহান কত ইঙাল ঙালুইসে,আজকের রাতটা কত আলোয় আলোকিত,How bright is this night,这夜有多亮,ये रात कितनी उजली ​​है,Que brillante es esta noche,Comme cette nuit est lumineuse
দিন কাপপোরের অহার রৌহান হুনরাইতা,ব্জ্রপাতের আওয়াজ শুনতে পাচ্ছো তোমরা,You can hear the thunder,你可以听到雷声,आप गड़गड़ाहट सुन सकते हैं,Puedes escuchar el trueno,Tu peux entendre le tonnerre
পইলাকাৎত নমানি পেইয়া আরাকমু গন হবারে,প্রথম থেকে শেষ পর্যন্ত আরেকবার গুণে দেখো ভালো করে,Check it again from the beginning to the end,从头到尾再检查一遍,इसे शुरू से अंत तक दोबारा जांचें,Compruébalo de nuevo desde el principio hasta el final.,Vérifiez-le à nouveau du début à la fin
কুঙগ পিসেদে থাইয়া অতারারগ,কে পিছনে থেকে কথা বলছে,Who is talking from behind?,谁在背后说话？,पीछे से कौन बात कर रहा है?,¿Quién habla desde atrás?,Qui parle par derrière ?
ইঙাল-আধারর খেলা,আলো-আধাঁরের খেলা,Light-based game,灯光游戏,प्रकाश आधारित खेल,juego basado en la luz,Jeu basé sur la lumière
খালকোরতে খালকোরতে মুরগর চুল উদুঙদুয়া ইল,ভাবতে ভাবতে মাথার চুল খালি হলো,"Thinking about it, the hair on the head is empty",想着想着，头上的头发都空了,सोचते-सोचते सिर के बाल ख़ाली हो जाते हैं,"Pensando en ello, el pelo de la cabeza está vacío.","En y repensant, les cheveux sur la tête sont vides"
হারৌপার পৌ আহান আসে,একটা খুশির খবর আছে,There is a happy news,有一个令人高兴的消息,एक ख़ुशी की खबर है,Hay una feliz noticia,Il y a une bonne nouvelle
অগই এলা দিলে হুনানি নুঙি অর,সে গান গাইলে শুনতে ভালো লাগে,I love listening to him sing,我喜欢听他唱歌,मुझे उनका गाना सुनना बहुत पसंद है,me encanta escucharlo cantar,J'adore l'écouter chanter
মাদানে রুদগ কমিতই অহাৎ নিকুলতউ,বিকালে রোদ যখন কমবে তখন বের হবো,I will go out in the afternoon when the sun goes down,下午太阳落山时我会出去,मैं दोपहर को बाहर जाऊंगा जब सूरज डूब जाएगा,Saldré por la tarde cuando se ponga el sol.,Je sortirai l'après-midi quand le soleil se couchera
আজিকা আরতা যানা নাইব,কাম আসে,cum comes,暨来了,सह आता है,viene el semen,le sperme arrive
আপনাগাসির এরে অবদান মনে থাইতই,আপনাদের এই অবদান মনে থাকবে,You will remember this contribution,你会记住这个贡献,ये योगदान आपको याद रहेगा,Recordarás este aporte.,Vous vous souviendrez de cette contribution
দিলুইলেও আহিস মি বাসিয়া থাইতউ,দেড়ি হলেও আসবে আমি অপেক্ষায় থাকবো,"Even if it comes at one and a half, I will wait",哪怕一岁半我也会等,अगर डेढ़ बजे भी आएगा तो मैं इंतजार करूंगा,Aunque llegue a la hora y media esperaré.,"Même si ça arrive à une heure et demie, j'attendrai"
কি গরম হান হে,কি যে গরম লাগে,What feels hot,什么感觉很热,क्या गर्म लगता है,lo que se siente caliente,Ce qui semble chaud
দাপদিয়া যাগা,দৌড়দিয়ে যাও,run away,逃跑,भाग जाओ,huir,fuyez
লাসপাউরি তা,লজ্জা লাগে নাকি,Do you feel ashamed?,你感到羞耻吗？,क्या तुम्हें शर्म आती है?,¿Te sientes avergonzado?,Avez-vous honte ?
কি চুনাহান,কি সুন্দুর,how beautiful,多么美丽,कितनी सुंदर है,Qué hermoso,comme c'est beau
সালুইলাঙ হাবি,সবাই চলে গেলাম,Everyone left,大家都离开了,सब लोग चले गए,todos se fueron,Tout le monde est parti
হমাজি খেলাত যিগ্গা,বন্ধু খেলতে যায়,Friends go to play,朋友们去玩,दोस्त खेलने जाते हैं,amigos van a jugar,Les amis vont jouer
কি আচানক,কি অদ্ভুত,how strange,多么奇怪,कितनी अजीब बात है,que extraño,comme c'est étrange
বেলিয়া না যিগা,চলে যেও না,don't go away,别走开,दूर मत जाओ,no te vayas,ne pars pas
মরতা যানা নাহের,আমার যেতে ইচ্ছে করে না,i don't want to go,我不想去,मैं जाना नहीं चाहता,no quiero ir,je ne veux pas y aller
নিকুল হে,বাহিরে এসো,come out,出来,बाहर आओ,salga,sortir
হারপারতা ইতাও,বুঝেছ বন্ধু,You understand my friend,你了解我的朋友,तुम समझते हो मेरे दोस्त,tu entiendes mi amigo,Tu comprends mon ami
পাহিয়াগোর থৌওনাত,পাখির মতোন,like a bird,像鸟一样,एक पक्षी की तरह,como un pájaro,comme un oiseau
বারনগো বুঝে ধান আছে,উগার ভরা ধান আছে,There is rice full of Uga,有充满乌嘎的米饭,उगा चावल भरा हुआ है,Hay arroz lleno de Uga.,Il y a du riz plein d'Uga
ও হুনুরিগো,ওগো শুনো,oh listen,哦，听着,अरे सुनो,oh escucha,oh écoute
বরনে তিঙিয়া,বৃষ্টিতে ভীজে,drenched in rain,被雨淋湿,बारिश में भीगा हुआ,empapado en lluvia,trempé de pluie
হেনু বিসারাত যিগ্গা,আম কুড়োতে যাই,I go to pick mangoes,我去摘芒果,मैं आम तोड़ने जाता हूं,voy a recoger mangos,je vais cueillir des mangues
কি  আচানক বিষয় হান হে,কি আচানক বিষয় তাই  না,"What a surprise, isn't it?",多么令人惊讶，不是吗？,"क्या आश्चर्य है, है ना?","Qué sorpresa, ¿no?","Quelle surprise, n'est-ce pas ?"
সময় হানে হাবিতা হিকার,সময় সব কিছু শিখিয়ে দেয়,Time teaches everything,时间会教会一切,समय सब कुछ सिखा देता है,El tiempo lo enseña todo.,Le temps apprend tout
কিছু মানু আছি অহংকারর কারণে সম্পর্ক অতা মাঙকরতারা,কিছু মানুষ অহঙ্গকারের কারনে সম্পর্কগুলোকে হারিয়ে ফেলে,Some people lose relationships because of ego,有些人因为自负而失去人际关系,कुछ लोग अहंकार के कारण रिश्ते खो देते हैं,Algunas personas pierden relaciones por culpa del ego,Certaines personnes perdent leurs relations à cause de leur ego
আরাকখুম কিছু মানু আছি তাঙি সম্পর্ক বাচিয়ে থইতে নিজরে মাঙকরে বেলতারা,আবার কিছু মানুষ সম্পর্ক বাচাতে বাচাতে নিজেকে হারিয়ে ফেলে,Some people lose themselves to save the relationship,有些人为了挽救感情而迷失了自己,कुछ लोग रिश्ते बचाने के लिए खुद को खो देते हैं,Algunas personas se pierden para salvar la relación.,Certaines personnes se perdent pour sauver la relation
পরিমিত খানার অভ্যাস গড়িয়া তুলেই,পরিমিত খাদ্যভাস গড়ে তুলুন,Develop a moderate diet,养成适度的饮食习惯,संयमित आहार विकसित करें,Desarrollar una dieta moderada.,Développer une alimentation modérée
নিয়ম করিয়া আটানি লগে ব্যায়াম করেই,নিয়মিত হাঁটাচলা,Regular walking,经常散步,नियमित रूप से टहलना,Caminar regularmente,Marche régulière
নিয়ম করিয়া ওজন মাপানি বারো ডাক্তরর পরামর্শ নেনা,নিয়মিত ওজন চেক করা এবং ডাক্তারের পরামর্শ নিন,Check your weight regularly and consult your doctor,定期检查体重并咨询医生,नियमित रूप से अपना वजन जांचें और अपने डॉक्टर से सलाह लें,Controle su peso periódicamente y consulte a su médico,Vérifiez régulièrement votre poids et consultez votre médecin
দুনিহাত সাধারন মানুর বিন্দুমাত্র দামহান নেই,দুনিয়াতে সাধারন মানুষের বিন্দুমাত্র দাম নেই,Ordinary people have no value in the world,普通人在世界上没有任何价值,दुनिया में आम लोगों की कोई कीमत नहीं है,La gente común no tiene valor en el mundo.,Les gens ordinaires n'ont aucune valeur dans le monde
স্বার্থপর মানু অতাই তরে ব্যবহার করতাই,স্বার্থপর মানুষগুলো আপনাকে বেশি ব্যবহার করবে,Selfish people will use you more,自私的人会更利用你,स्वार्थी लोग आपका अधिक उपयोग करेंगे,La gente egoísta te usará más,Les gens égoïstes vous utiliseront davantage
আজি দিন হান বাদুলি করিছে,আজকে দিনটি মেঘাচ্ছন্ন,Today is a cloudy day,今天是阴天,आज बादल वाला दिन है,Hoy es un día nublado,Aujourd'hui est une journée nuageuse
করবেঙ রুহিতারা,ব্যাঙ ডাকতেছে,The frog is calling,青蛙在呼唤,मेढक बुला रहा है,la rana esta llamando,La grenouille appelle
বরন দিতই সাদ,বৃষ্টিহবে মনে হয়,It looks like it will rain,看起来要下雨了,ऐसा लग रहा है जैसे बारिश होगी,Parece que va a llover,On dirait qu'il va pleuvoir
দিন হানে ঘুটুরুঙ ঘুটুরুঙ ডাহের,আকাশ ডাকতেছে,The sky is calling,天空在呼唤,आकाश बुला रहा है,El cielo esta llamando,Le ciel appelle
বরণ দে দৌরাজা,বৃষ্টি দাও হে ইশ্বর,rain oh god,雨天哦,"हे भगवान, बारिश",lluvia oh dios,"il pleut, oh mon Dieu"
লমুকর মাটি হুকিল,জমিনের মাটি শুকিয়ে গেছে,The ground is dry,地面是干的,ज़मीन सूखी है,el suelo esta seco,Le sol est sec
পানা খেয়া মুরগ পাকদের,পান খেয়ে মাথা ঘুরতেছে,He is dizzy after drinking,他喝酒后头晕,शराब पीने के बाद उसे चक्कर आ रहा है,Está mareado después de beber.,Il a le vertige après avoir bu
মামা আসিরাঙ যাওরিগা,মামার বাড়িতে যাচ্ছি,I am going to my uncle's house,我要去我叔叔家,मैं अपने मामा के घर जा रहा हूँ,voy a la casa de mi tio,je vais chez mon oncle
মোবাইল চেইতে চেইতে সওগি নমিলা,মোবাইল দেখতে দেখতে শিশুরা শেষ,Children end up looking at mobile phones,孩子最终会看手机,बच्चे मोबाइल फोन देखने लगते हैं,Los niños acaban mirando el móvil,Les enfants finissent par regarder leurs téléphones portables
চৈতন্য পূজার বার্তন করিয়া আহগা যাগা,চৈতন্য পূজার নিমন্ত্রণ দিয়ে আসো যাও,Come with the invitation of Chaitanya Puja,带着 Chaitanya Puja 的邀请前来,चैतन्य पूजा का निमंत्रण लेकर आएँ,Ven con la invitación de Chaitanya Puja.,Venez avec l'invitation de Chaitanya Puja
সরাহাৎ মাছ দরতারা চেইগা আয়,খালে মাছ ধরছে দেখতে যায় চলো,Let's go to see the fishing in the canal,我们去运河里看看钓鱼吧,चलो नहर में मछली पकड़ते देखने चलते हैं,Vamos a ver la pesca en el canal.,Allons voir la pêche dans le canal
মুরগ বুলার বুললে ইঙগ ইয়া বহ খানি,মাথা ঘুরাচ্ছে মনে হলে চুপ করে একটু বসো,"If you feel dizzy, sit quietly",如果你感到头晕，请安静地坐着,अगर आपको चक्कर आ रहा है तो चुपचाप बैठें,"Si te sientes mareado, siéntate tranquilamente.","Si vous vous sentez étourdi, asseyez-vous tranquillement"
কি চুনাহান,কতো সুন্দর,how beautiful,多么美丽,कितनी सुंदर है,Qué hermoso,comme c'est beau
পউরুকা করতাঙাই নাই,পরশু করবোনে,I will do it the day after tomorrow,我后天做,मैं इसे परसों करूंगा,lo haré pasado mañana,je le ferai après-demain
পথহাৎ উবাইয়া কারে চাউরিহান,পথে দাঁড়িয়ে কাকে দেখছো,Who do you see standing on the road?,你看到谁站在路上？,तुम्हें सड़क पर कौन खड़ा दिख रहा है?,¿A quién ves parado en el camino?,Qui voyez-vous debout sur la route ?
ডাটা এন্ট্রি করে পাররগ,ডাটা এন্ট্রি করতে পারো,You can enter data,您可以输入数据,आप डेटा दर्ज कर सकते हैं,Puedes ingresar datos,Vous pouvez saisir des données
তি কালুয়াগ না কিহান,চাং অহান ডাকিয়াউ না হুনর,Chang Ahan Dakiau na Hunor,张阿汉·达基奥·纳·胡诺尔,चांग अहान दकियाउ ना हुनोर,Chang Ahan Dakiau na Hunor,Chang Ahan Dakiau na Hunor
ককারা চুল ইলে চিনা হাননো আসুরানি হিন,কোঁকড়া চুল হলে চিরুনি দিয়ে ঠিক করা কঠিন,Curly hair is difficult to comb,卷发很难梳理,घुंघराले बालों में कंघी करना मुश्किल होता है,El cabello rizado es difícil de peinar.,Les cheveux bouclés sont difficiles à coiffer
চিনাহান বিসারিয়া না-পাওরি,চিরুনি খোঁজে পাচ্ছিনা,I can't find the comb,我找不到梳子,मुझे कंघी नहीं मिल रही,no encuentro el peine,je ne trouve pas le peigne
পঙতল খেইতে গিয়া দাতগ নমিল,পেয়ারা খেতে গিয়ে দাঁত শেষ,I lost my teeth while eating guava,我吃番石榴的时候牙齿掉了,अमरूद खाते-खाते मेरे दाँत टूट गये,Perdí mis dientes mientras comía guayaba.,J'ai perdu mes dents en mangeant de la goyave
বাবারো নারিকন সপা অহান কত দিগল ইসেহানে,বাবাগো নারকেল গাছটা কতো লম্বা,"Dad, how tall is the coconut tree?",爸爸，椰子树有多高？,"पिताजी, नारियल का पेड़ कितना ऊँचा है?","Papá, ¿cuánto mide el cocotero?","Papa, quelle est la hauteur du cocotier ?"
হারপিয়া অতারিস,বুঝেশুনে কথা বলবে,Speak with understanding,用理解的方式说话,समझकर बोलें,Habla con comprensión,Parlez avec compréhension
বহকগ মেঙকুরুক দে সেন্ধ্যাহান ইল,বৌমা ধুনো দাও সন্ধ্যা হলো,"Grandma, wash it, it's evening",奶奶，快洗吧，已经晚上了,"दादी, इसे धो लो, शाम हो गई है","Abuela, lávala, es de noche.","Grand-mère, lave-le, c'est le soir"
বান্দর আগ আহিয়া পঙতলগি খেইয়া নমপরল,একটা  বা্নর এসে পেয়ারা খেয়ে শেষ করে দিলো,A monkey came and finished eating the guava,一只猴子来了，把番石榴吃完了,एक बंदर आया और अमरूद खाकर ख़त्म हो गया,Llegó un mono y terminó de comerse la guayaba.,Un singe est venu et a fini de manger la goyave
আপপানে মানুর লগে দরাবাদা নাকরি,শুধু শুধু মানুষের সাথে দস্তাদস্তি করোনা,Don't just shake hands with people,不要只与人握手,बस लोगों से हाथ न मिलाएं,No sólo le des la mano a la gente,Ne vous contentez pas de serrer la main des gens
তরে নিংশিং অওরি,তোমাকে মনে পড়ছে,remember you,记得你,आपको याद करते हैं,recordarte,souviens-toi de toi
অগরে না লাঙকোরিও,তার সাথে মশকরা করোনা,Don't mess with him,别惹他,उसके साथ खिलवाड़ मत करो,No te metas con el,Ne plaisante pas avec lui
কিহান খালকররতা,কি চিন্তা করছ,what are you thinking,你在想什么,आप क्या सोच रहे हैं,¿Qué estás pensando?,à quoi penses-tu
খানি আগুয়ার,খানি লামের অর,Khani Lamer Or,卡尼·拉默·奥尔,खानी लैमर या,Khani Lamer o,Khani Lamer ou
উদাহিসি কথা না অতারি,এলোমেলো কথা বলোনা,Don't talk nonsense,别乱说,बकवास मत करो,No digas tonterías,Ne dis pas de bêtises
হিদমাছনো কসু বাজিয়া খেইলে হুয়াৎ অর,হিদল দিয়ে কচু ভেজে খেলে স্বাদ হয়,Kachu is fried with Hidal and tastes good,Kachu和Hidal一起炒，味道不错,काचू को हिडाल के साथ तला जाता है और इसका स्वाद अच्छा होता है,Kachu se fríe con Hidal y sabe bien,Kachu est frit avec Hidal et a bon goût
পৌ আহান হুনিয়া জবর হারু লাগিল,একটা খবর শুনে খুব খুশি লাগলো,I was very happy to hear the news,听到这个消息我很高兴,खबर सुनकर मुझे बहुत खुशी हुई,Me alegré mucho de escuchar la noticia.,J'étais très heureux d'apprendre la nouvelle
ইঙহানে জাংহানি নিকদানি অকরল,ঠাণ্ডায় পা গুলো কাঁপতে শুরু করলো,The legs began to tremble in the cold,双腿在寒冷中开始颤抖,ठंड से पैर कांपने लगे,Las piernas empezaron a temblar por el frío.,Les jambes ont commencé à trembler dans le froid
এহানতে কোন মাহা হান,এটা কোন মাস,what month is it,现在是几月,आप पढ़ाई कब करते हो,que mes es,quel mois est-on
জারহান জবর ইসে এমতাগা,ঠাণ্ডা বেশি পড়েছে এবার,It's cold now,现在很冷,अभी ठंड है,hace frio ahora,Il fait froid maintenant
বুলানি মাৎলে মোরে হাবির আগে পৈতাউ,ঘুরতে বললে আমাকে সবার আগে পাবে,"If you ask me to go around, you will find me first",如果你叫我绕一圈 你会先找到我,अगर तुम मुझसे घूमने के लिए कहोगे तो सबसे पहले मुझे पाओगे,"Si me pides que vaya, me encontrarás primero.","Si tu me demandes de faire le tour, tu me trouveras en premier"
কুরাং আহাৎ গিয়া পাকদিয়া আহিকগা,কোথাও গিয়ে ঘুরে আসি,Let's go somewhere,我们去某个地方吧,आओ कहीं चलें,vamos a alguna parte,Allons quelque part
খিচুরি আহান খেইক,একটা খিচুরি খায়,Eats a snack,吃点零食,नाश्ता खाता है,come un bocadillo,Mange une collation
মণিপুরি শাড়ি আহান পিদানি আহের,একটা মণিপুরি শাড়ি পড়তে ইচ্ছে করছে,I want to wear a Manipuri saree,我想穿曼尼普尔邦纱丽,मैं मणिपुरी साड़ी पहनना चाहती हूं,Quiero usar un sari Manipuri,Je veux porter un sari Manipuri
হইমা পাহুরে বেলাসু জানে,ওহ ভুলে গিয়েছি একদম,"Oh, I completely forgot",哦，我完全忘记了,"ओह, मैं पूरी तरह से भूल गया","Oh, lo olvidé por completo","Oh, j'ai complètement oublié"
উমেই আহান লনা লাগতই,হাতপাখা একটা কিনতে হবে,You have to buy a hand fan,你得买个手扇,आपको एक हाथ का पंखा खरीदना होगा,Tienes que comprar un abanico.,Il faut acheter un éventail
উমেই হান্ন বৌদে,হাতপাখা নিয়ে বাতাস করো,Fan the air,扇动空气,हवा चलाओ,ventilar el aire,Ventilez l’air
মি এপাগা ঘুমাসু,আমি এখন ঘুমাচ্ছি,i am sleeping now,我现在正在睡觉,मैं नींद में हूं,estoy durmiendo ahora,je dors maintenant
মি বহিয়া আসু,আমি বসে আছি,i am sitting,我坐着,मैं बैठा हूं,estoy sentado,je suis assis
মি এপাগা গরে আসু,আমি এখন বাড়িতে আছি,I am at home now,我现在在家,मैं अब घर पर हूँ,estoy en casa ahora,je suis à la maison maintenant
মি আহানি নুয়ারিম,আমি আসতে পারব না,i can't come,我不能来,में नही आ,no puedo venir,je ne peux pas venir
মর বাপক আহিল,আমার বাবা আসছে,my father is coming,我父亲来了,मेरे पिता आ रहे हैं,mi padre viene,mon père arrive
এপাগা আহিল,এখন আসছে,coming now,现在来,आ रहा है,viniendo ahora,j'arrive maintenant
উমেই হান দে,হাতপাখা দাও,Give me a hand,帮我一下,मेरी सहयता करो,Dame una mano,Donne-moi un coup de main
ঘুম আহে,ঘুম আসছে,getting sleepy,困了,उनींदा होना,tener sueño,avoir sommeil
ঘুম আহের,ঘুম আসছে,getting sleepy,困了,उनींदा होना,tener sueño,avoir sommeil
তি কুমপাগা আহিলে হান,তুমি কখন আসছ,when are you coming,你什么时候来,आप कब आ रहे हैं,cuando vienes,quand viens-tu
পানি আনগা,পানি আনো,bring water,带水,पानी लाओ,traer agua,apporter de l'eau
কিয়া অক্ক অর হান,কেনো এইরকম হচ্ছে,Why is this happening?,为什么会发生这种情况？,ऐसा क्यों हो रहा है?,¿Por qué sucede esto?,Pourquoi cela se produit-il ?
আতানি অকর,হাঁটা শুরু কর,start walking,开始行走,चलना शुरू करो,empezar a caminar,commence à marcher
মি আহুরি,আমি আসছি,i am coming,我来了,आ रहा हूँ,Vengo,J'arrive
মি বাজারে জাউরিগা,আমি বাজারে যাচ্ছি,I am going to the market,我要去市场,मैं बाजार के लिए जा रहा हूँ,voy al mercado,je vais au marché
গেলুগা অত্তে,যাচ্ছি তাহলে,I'm going then,那我就去,तो मैं जा रहा हूँ,me voy entonces,j'y vais alors
ভাত খেইলেগ,ভাত খেয়েছো,you ate rice,你吃了米饭,आपने चावल खाया,comiste arroz,tu as mangé du riz
মর কাদাহাত বহিল,আমার কাছে বসছে,sitting near me,坐在我附近,मेरे पास बैठे,sentado cerca de mi,assis près de moi
খানা নাহের,খেতে ইচ্ছা করছে না,does not want to eat,不想吃饭,खाना नहीं चाहता,no quiere comer,ne veut pas manger
আখিগর লগে গারিগৎ পেয়া ঘুমহান লাগিসে,প্রচন্ড ঘুম পেয়েছে শরীর আর চলে না,He got a lot of sleep and his body doesn't move anymore,他睡了很多觉，身体不再动了,उसे बहुत नींद आ गई और उसका शरीर अब हिलता-डुलता नहीं है,Durmió mucho y su cuerpo ya no se mueve.,Il a beaucoup dormi et son corps ne bouge plus
জাঙর পাতাহান তিঙে যারগা আহির পানিল,অশ্রুধারায় ভিজে যাচ্ছে পায়ের পাতা,Feet are getting wet with tears,脚已被泪水打湿,पैर आंसुओं से भीग रहे हैं,Los pies se mojan con lágrimas.,Les pieds sont mouillés de larmes
তর কাদাৎ চেপয়া ঘুমজানি মনাসিলু,তোমার পাশে ঘুমাতে চেয়েছিলাম,I wanted to sleep next to you,我想睡在你旁边,मैं तुम्हारे बगल में सोना चाहता था,quería dormir a tu lado,Je voulais dormir à côté de toi
এরে পথগ কুরাঙ সালসেতা,এই পথ কোথায় গিয়েছে,Where did this path go?,这条路通向哪里？,यह रास्ता कहां गया?,¿A dónde fue este camino?,Où est passé ce chemin ?
যেহানি দিলে অহার আহৌ গুন মরাংতো মাগুরি,যা দিয়েছ তার শতগুন ফেরত চাও,Ask for a hundredfold return of what you have given,要求百倍回报你所付出的,जो दिया है उसका सौ गुना वापस मांगो,Pide que te devuelvan el ciento por uno de lo que has dado.,Demandez le retour au centuple de ce que vous avez donné
দু:খহানি আত দ্বিয়হাত চেলকরিয়া থসু,দু:খ গুলো দুহাতের মুঠোয় জায়গা দিয়েছি,I gave place to the sorrows in the palm of both hands,我把悲伤放在了双手的掌心,मैंने दुखों को दोनों हाथों की हथेली में जगह दी,Le di lugar a las penas en la palma de ambas manos.,J'ai cédé la place aux chagrins dans la paume des deux mains
তর পূন্যর ছায়াগত মি জিরাং বুলিয়া,তোমার পূন্যের ছায়াতে আশ্রয় নিতে চাই,I want to take refuge in the shadow of your virtue,我想投靠在你美德的阴影下,मैं आपके पुण्य की छाया में शरण लेना चाहता हूँ,Quiero refugiarme a la sombra de tu virtud,Je veux me réfugier à l'ombre de ta vertu
হিনানির সাপনগ নাপাওরি,গোসলের সাবান পাচ্ছি না,I can't get bath soap,我买不到沐浴露,मुझे नहाने का साबुन नहीं मिल रहा,no puedo conseguir jabon de bano,Je ne peux pas avoir de savon de bain
মিয়ুলগ উরুঙ দারুঙ করের,বুক ধড়ফড় করছে,Chest is pounding,胸口剧烈地跳动,छाती धड़क रही है,El pecho late con fuerza,La poitrine bat
হিনিয়া ইমে থানা আহের,গোসল করেই থাকতে ইচ্ছে করছে,I want to take a shower,我想洗澡,मैं स्नान करना चाहता हूँ,quiero darme una ducha,je veux prendre une douche
চাঙহান সউকরার তা?,এতো গরম লাগে?,Is it so hot?,有这么热吗？,क्या यह बहुत गर्म है?,¿Hace tanto calor?,Est-ce qu'il fait si chaud ?
তি মোরে চিনে পারলেতা?,তুমি কি আমাকে চিনতে পেরেছো?,do you recognize me,你认得我吗,क्या तुम मुझे पहचानते हो,¿Me reconoces?,est-ce que tu me reconnais
মোর দু:খ এহান মি আকখুলাগই পেইং,আমার দু:খ শুধু আমার জন্যই থাক,My sorrow is only for me,我的悲伤只为我自己,मेरा दुःख सिर्फ मेरे लिए है,mi pena es solo para mi,Mon chagrin est seulement pour moi
শুভ দার তা মুনি শৌ আগো ইসে,শুভদার একটি ছেলে সন্তান হয়েছে,Shuboda has a son,舒博达有一个儿子,शुबोदा का एक बेटा है,Shuboda tiene un hijo,Shuboda a un fils
সেঙয়া আয়,শুদ্ধ হয়ে এসো,come clean,坦白说出来,अपराध स्वीकार करना,confesarse,soyez honnête
শুভ আছির খবর হুনিয়া নুঙেই লাগিল,শুভ দের খবর শুনে ভাল লাগল,Glad to hear good news,很高兴听到好消息,अच्छी खबर सुनकर खुशी हुई,Me alegro de escuchar buenas noticias,Heureux d'entendre de bonnes nouvelles
আকহান কথা মাততে মাততে মি ঠুইয়লু,একই কথা বলতে বলতে বিরক্ত,Tired of saying the same thing,厌倦说同样的话,एक ही बात कहते-कहते थक गया हूं,Cansado de decir lo mismo,Fatigué de dire la même chose
হাদি এগো বপিয়া দুর্ঘটনা  অর,সম্প্রতি প্রচুর দুর্ঘটনা ঘটছে,A lot of accidents are happening recently,最近发生了很多事故,हाल ही में बहुत सारे हादसे हो रहे हैं,Muchos accidentes están ocurriendo últimamente.,De nombreux accidents se produisent récemment
মাঘর লপুকে ইংহান জিরেয়া আছে,মাঘের বিস্তৃত মাঠে শীত যেন নিশ্চিন্তে বিশ্রাম নিচ্ছে,Winter seems to be resting peacefully in the vast fields of Magh,冬天似乎在马格广阔的田野里平静地休息,माघ के विशाल मैदानों में शीतकाल शांतिपूर्वक विश्राम करता हुआ प्रतीत होता है,El invierno parece descansar plácidamente en los vastos campos del Magh,L'hiver semble se reposer paisiblement dans les vastes champs de Magh
তোর কথা আহানাৎ আর হাব্বি কথা কুরাঙ বাহিয়া গেলগা,তোমার এক কথায় বাকী সব কথা কোথায় হারিয়ে গেল,Where did all the other words disappear in your one word?,所有其他的词在你的一个词中消失在哪里？,आपके एक शब्द में बाकी सारे शब्द कहां गायब हो गये?,¿Dónde desaparecieron todas las demás palabras en tu única palabra?,Où tous les autres mots ont-ils disparu dans votre seul mot ?
বাক্কা কয়দিন পরে আজি হাবিগি তিলয়া আতলাঙ,অনেকদিন পর সবাই মিলে হাটা হলো,"After a long time, everyone walked together",许久之后，大家一起走了过去,बहुत दिनों बाद सब लोग एक साथ चले,"Después de mucho tiempo, todos caminaron juntos.","Après un long moment, tout le monde marchait ensemble"
আজি গারিগো দুখাওরি,আজ শরীর ব্যাথা করছে,Today the body hurts,今天身体有点痛,आज शरीर में दर्द है,hoy me duele el cuerpo,"Aujourd'hui, le corps fait mal"
ক্ষার,ক্ষুত অতার হউ খানা আহের,Khut Atar Hou Khana Aher,库特·阿塔尔·侯·卡纳·阿赫,ख़ुत अतर हौ खाना अहेर,Khut Atar Hou Khana Aher,Khut Atar Hou Khana Aher
নানিয়ার হউ মি হুয়াত নাপাউরি,নানিয়ার হউ মি হুয়াত নাপাউরি,Nanyar Hou Mi Huat Napauri,南亚侯米发纳帕里,नान्यार होऊ मी हुआत नेपौरी,Nanyar Hou Mi Huat Napauri,Nanyar Hou Mi Huat Napauri
কাবকে ধান থাপরসেগা,খই এ ধান রয়ে গেছে,Paddy remains in the paddy field,稻田仍留在稻田里,धान के खेत में धान पड़ा रहता है,Paddy permanece en el arrozal,Le paddy reste dans la rizière
পুনচি পালয়া থাইস,সুস্থ থেকো,stay healthy,保持健康,स्वस्थ रहें,mantente saludable,rester en bonne santé
খানি খামকরেই,বেলিয়া নাযাকগা,Belia nazagga,贝利亚·纳扎加,बेलिया नज़ग्गा,belia nazagga,Bélia nazagga
দুখিলু জবর,বেশি ব্যথা পেলাম,I got more pain,我更加痛苦了,मुझे और दर्द हुआ,tengo mas dolor,J'ai plus de douleur
খানিক করে মাতে দেই,আকখুরুম মেইথঙহান তুলিয়া চাক,Akkhurum Meithanghan Tulia Chak,阿库鲁姆·梅坦汉·图利亚·查克,अक्खुरुम मीथांगन तुलिया चक,Akkhurum Meithanghan Tulia Chak,Akkhurum Meithanghan Tulia Chak
গাটহানর পারগত বহেসিলু,নদীর তীরে বসে ছিলাম,I was sitting on the river bank,我坐在河边,मैं नदी किनारे बैठा था,Estaba sentado en la orilla del río.,J'étais assis au bord de la rivière
হাবিরেও খানি খানি চিনৌরি,সবাইকে মোটামুটি চিনি,I know everyone,我认识每个人,मैं सबको जानता हूं,conozco a todos,je connais tout le monde
ইমে নাঙহান পাহুরেছুতা না,শুধু নাম ভুলে গেছি আর কি,Just forgot the name and what,只是忘记了名字和内容,बस नाम भूल गया और क्या,Olvidé el nombre y qué,J'ai juste oublié le nom et quoi
শাতহান না পাহুরেসু,চেহারা ভুলি নাই,Do not forget the face,别忘了脸,चेहरा मत भूलना,No te olvides de la cara,N'oubliez pas le visage
খওগ বুজিয়া থনার পথ নেই,ব্যাগ ভরে গেছে আর রাখার জায়গা নাই,The bag is full and there is no room to store it,袋子已经满了，没有空间存放,बैग भरा हुआ है और उसे रखने की जगह नहीं है,La bolsa está llena y no hay espacio para guardarla.,Le sac est plein et il n'y a pas de place pour le ranger
মাঙসে আংঠিগ পেইলু,হারোনা আংটি পেয়েছি,I lost the ring,我把戒指弄丢了,मैंने अंगूठी खो दी,perdí el anillo,J'ai perdu la bague
তা তর কিগ থকর?,সে তোমার কী হয়?,What does he do to you?,他对你做了什么？,वह आपके साथ क्या करता है?,¿Qué te hace?,Que te fait-il ?
জনম আহান তোরে বাসেয়া আছুগ,এক জনম তোমার অপেক্ষায় আছি,I am waiting for you,我在等你,मेरे द्वारा आपकी प्रतीक्षा की जा रही है,estoy esperándote,je vous attends
ঘুমে আছে সংসার এহান প্রলয়র আগে খাং লাগিয়া উঠক,প্রলয়ের পূর্বেই চমকে জেগে উঠুক এই নিদ্রিত সংসার,Let this sleeping family wake up before the deluge,让这个沉睡的家庭在洪水来临前醒来,जलप्रलय से पहले इस सोते हुए परिवार को जगा दो,Que esta familia dormida despierte antes del diluvio.,Que cette famille endormie se réveille avant le déluge
মি তরে লহঙ করানি মনাওরি,আমি তুমাকে বিয়ে করতে চাই,i want to marry you,我想嫁给你,मैं तुमसे शादी करना चाहता हूँ,quiero casarme contigo,je veux t'épouser
বহুদিন পরে দেখলু,কুরাঙ লুকেয়া আছৎহান,Kurang Lukeya Achtahan,库朗·卢克亚·阿克塔汉,कुरंग लुकेया अचताहन,Kurang Lukeya Achtahan,Kurang Lukeya Achtahan
সৌগ কাদের তা কিদিয়া,বাচ্চাটি কাদছে কেন,Why is the baby crying?,宝宝为什么哭？,बच्चा क्यों रो रहा है?,¿Por qué llora el bebé?,Pourquoi le bébé pleure-t-il ?
ফ্যানহার পাখাহার অসারে মর মুরগ পাকদের,ফ্যানের পাখার মতো আমার মাথা ঘুরছে,My head spins like a fan,我的头像风扇一样旋转,मेरा सिर पंखे की तरह घूम जाता है,Mi cabeza gira como un abanico,Ma tête tourne comme un fan
সংসার এহান নুঙেই না লাগের,বেলেয়া যানা আহের,Belya jana aher,贝尔亚·贾纳·阿赫,बेल्या जाना आहेर,Belya jana aher,Belya Jana Aher
বাশিগই হুদ্দা মোরে বিরহেলো খতকরিয়া থাইল,বাশি আমারে কেবল,Bashi is only me,巴什只是我一个人,बशी केवल मैं हूं,Bashi soy solo yo,Bashi c'est seulement moi
জিগত পুরুরি অহান কিসারে বাগেইতু,আগুনে পুড়ি,burn in fire,在火中燃烧,आग में जलना,arder en fuego,brûler dans le feu
সাকতাহান জোলাকাহার অসারে ঙালসে,মুখটা চাঁদের মত উজ্জ্বল,The face is bright like the moon,脸庞明亮如月光,चेहरा चंद्रमा के समान उज्ज्वल है,La cara es brillante como la luna.,Le visage est brillant comme la lune
নুঙশি হজকর ঝুল আহান খানা আহের,পুদিনা পাতার ঝুল খেতে মন চাই,I want to eat mint leaves,我想吃薄荷叶,मैं पुदीने की पत्तियां खाना चाहता हूं,quiero comer hojas de menta,je veux manger des feuilles de menthe
মরতা ঘুম নাহের,আমার ঘুম আসছে না,i can't sleep,我睡不着,मुझे नींद नहीं आ रही,no puedo dormir,je ne peux pas dormir
মরতা মুরগ পাকদের,আমার মাথা ঘুরাছে,my head is spinning,我头晕目眩,मेरा सिर घूम रहा है,mi cabeza esta dando vueltas,j'ai la tête qui tourne
আখিগ বন্ধ ইয়া আহের,চোখ বন্ধ হয়ে আসছে,Eyes are closing,眼睛正在闭上,आंखें बंद हो रही हैं,los ojos se estan cerrando,Les yeux se ferment
মরতা এলা হুনানি নুংগি লাগের,আমার গান শুনতে ভালো লাগে,I like listening to music,我喜欢听音乐,मुझे संगीत सुनना पसन्द है,me gusta escuchar musica,J'aime écouter de la musique
লামুই রুহিতারা,শেয়াল ডাকে,The fox called,狐狸叫道,लोमड़ी ने बुलाया,El zorro llamó,Le renard a appelé
মি ঘুমিলুগা অত্তে,আমি ঘুমাতে গেলাম তাহলে,I went to sleep then,然后我就去睡觉了,फिर मैं सोने चला गया,entonces me fui a dormir,Je me suis endormi alors
এপাগা আগেকার অসারে মোষ নাদেখোরাঙ,এখন আগের মত মহিষ দেখা যায় না,Now buffaloes are not seen like before,现在水牛不再像以前那样被看见了,अब पहले जैसी भैंसें नजर नहीं आतीं,Ahora los búfalos no se ven como antes,"Désormais, les buffles ne sont plus vus comme avant"
কিহান থাঙ চাংঅহান লেখরহান,কি এত লিখো,write so much,写这么多,इतना लिखो,escribe tanto,écrire tellement
গুরুর সেংকুম হাবিত্ত হুয়াত,গরুর দুধ সবচেয়ে সুস্বাদু,Cow's milk is the most delicious,牛奶是最好吃的,गाय का दूध सबसे स्वादिष्ट होता है,La leche de vaca es la más deliciosa.,Le lait de vache est le plus délicieux
বিদ্যা মি নামাতিসু,সত্যি আমি বলিনি,I didn't really say,我真的没说,मैंने वास्तव में नहीं कहा,Realmente no dije,Je n'ai pas vraiment dit
গুরু সেংকুম খানা আহের,গরুর দুধ খেতে ইচ্ছা করছে,He wants to drink cow's milk,他想喝牛奶,वह गाय का दूध पीना चाहता है,Quiere beber leche de vaca.,Il veut boire du lait de vache
ঘুমানি আহের,ঘুমাতে ইচ্ছা করছে,wants to sleep,想睡觉,सोना चाहता है,quiere dormir,veut dormir
এলা হুনলেই নাসানি আহের,গান শুনলেই নাচতে ইচ্ছা করে,He wants to dance when he hears music,当他听到音乐时他想跳舞,जब वह संगीत सुनता है तो वह नृत्य करना चाहता है,Quiere bailar cuando escucha música.,Il veut danser quand il entend de la musique
মর মুহিয়ে আজি ইরলপা হিজাসে,আমার মাসি আজকে ইরলপা রান্না করসে,My aunt is cooking Irolpa today,我阿姨今天做饭伊洛尔帕,मेरी चाची आज इरोल्पा पका रही हैं,Mi tía está cocinando Irolpa hoy.,Ma tante cuisine de l'Irolpa aujourd'hui
হুদ্দা এলা দিয়া থানা আহের,শুধু গান গেয়ে থাকতে মন চায়,I just want to sing,我只想唱歌,मैं तो बस गाना चाहता हूं,solo quiero cantar,je veux juste chanter
আসতা দিনহান ঘুমিয়া থানা পারলু অইসতে,যদি পুরো দিন ঘুমিয়ে থাকতে পারতাম,If only I could sleep all day,如果我能睡一整天就好了,काश मैं पूरे दिन सो पाता,Si tan solo pudiera dormir todo el día,Si seulement je pouvais dormir toute la journée
নুয়ারলু নাই,পারলাম না তো,I couldn't,我不能,मैं नहीं कर सका,no pude,Je ne pouvais pas
গোবর্ধন পূজার দিনে গুরু হিনাদেরাঙ,গোবর্ধন পূজার দিন গরুকে গোসল করানো হয়,Cows are bathed on the day of Govardhan Puja,Govardhan Puja 当天给奶牛洗澡,गोवर्धन पूजा के दिन गायों को स्नान कराया जाता है,Las vacas se bañan el día de Govardhan Puja.,Les vaches sont baignées le jour de Govardhan Puja
এতা হাবি,এত গুলা,So many things,这么多的事情,इतनी अनेक चीजे,tantas cosas,Tant de choses
মি দরপা বেল্লু,আমি ভয় পেয়ে গেছি,I'm scared,我很害怕,मुझे डर लग रहा है,Tengo miedo,J'ai peur
খুড়ায় মাঙ্কলে বহিয়া এলা দের,কাকা বারান্দায় বসে গান গাইছে,Kaka is sitting on the balcony and singing,卡卡坐在阳台上唱歌,काका बालकनी में बैठे हैं और गा रहे हैं,Kaká está sentado en el balcón y cantando.,Kaka est assis sur le balcon et chante
মি তে ভূত আহিলাহান বুলিয়া,আমি মনে করেছি ভূত আসেছে,I thought the ghost had arrived,我还以为鬼魂来了,मुझे लगा कि भूत आ गया है,Pensé que había llegado el fantasma,Je pensais que le fantôme était arrivé
মরে খানি বাংগাদে,আমাকে একটু শিখাও,teach me a little,教我一点,मुझे थोड़ा सिखाओ,enséñame un poco,apprends-moi un peu
আরতা নুয়ারলু মি,আর পারলাম না আমি,I couldn't anymore,我不能再这样了,मैं अब और नहीं कर सकता,ya no pude,je n'en pouvais plus
নিংশাহান থেপকরের,নিশ্বাস আটকে যাচ্ছে,Shortness of breath,气促,सांस लेने में कठिनाई,Dificultad para respirar,Essoufflement
আহিল নাই,আসছে তো,is coming,即将到来,आ रहा है,esta viniendo,arrive
হাই আহিল,হ্যাঁ আসছে,yes coming,是的，来了,हाँ आ रहा हूँ,si viene,"oui, je viens"
কিহান তে করতু,কি করব,what to do,该怎么办,क्या करें,que hacer,ce qu'il faut faire
মরে খানি কাম পাংকর,আমাকে কাজে সাহায্য করো,help me work,帮我工作,मुझे काम करने में मदद करो,ayúdame a trabajar,aide-moi à travailler
মি আকগর বারাদেউ নাগই,আমি কারো পক্ষে নই,I am not for anyone,我不为任何人,मैं किसी के लिए नहीं हूं,no soy para nadie,je ne suis pour personne
জনম এহানাৎ আকদিন মোর বারাদে নাইলে,এই জীবনে একবারো আমার পক্ষে হলে না,Not once in my life,我一生中没有一次,मेरे जीवन में एक बार भी नहीं,Ni una sola vez en mi vida,Pas une seule fois dans ma vie
হুদালা আত এহানরে অইলেও ধরবে নায়,শুন্যে হাত হলেও ধরে রাখো,Hold it even with empty hands,即使双手空空也能握住,खाली हाथ भी इसे पकड़ें,Sosténgalo incluso con las manos vacías,Tenez-le même avec les mains vides
ঙালতো হজাগ ইবেতা থক্ক ঘুমা,তাড়াতাড়ি ঘুমাও ভোরে উঠতে পারবে,Sleep early and wake up early,早睡早起,जल्दी सोयें और जल्दी उठें,Dormir temprano y levantarse temprano,Dormez tôt et réveillez-vous tôt
নিংশিং অরতা কালি কিহান করলে উহান,মনে আছে কালকে কি করেছ,Do you remember what you did yesterday?,你还记得昨天做了什么吗？,क्या तुम्हें याद है कि तुमने कल क्या किया था?,¿Recuerdas lo que hiciste ayer?,Vous souvenez-vous de ce que vous avez fait hier ?
দৌ ঝিলকানির ঙালহানাত তরে দেহেসিলু,বিদ্যুৎচমকের আলোয় তোমাকে দেখেছি,I saw you in lightning,我在闪电中看见了你,मैंने तुम्हें बिजली में देखा,Te vi en un rayo,Je t'ai vu dans l'éclair
খা বারাদের মান্ডপে এমতাগার কীর্তন হান,দক্ষিণ দিকের মান্ডপে এবারের কীর্তন,This year's kirtan in the southern mandap,今年曼达普南部的克伊尔坦,इस वर्ष का कीर्तन दक्षिणी मण्डप में,El kirtan de este año en el mandap sur,Le kirtan de cette année dans le sud du mandap
খুয়াহানে কিত্তাও নাদেহুরি,কুয়াশায় কিচ্ছু দেখা যাচ্ছে না,Nothing can be seen in the fog,雾里什么也看不见,कोहरे में कुछ भी नजर नहीं आता,No se puede ver nada en la niebla.,On ne voit rien dans le brouillard
নুঙেই নাপেইলতা নাকরিছ,খারাপ পেয়ো না,don't get bad,别变坏,बुरा मत बनो,no te pongas malo,ne deviens pas mauvais
অওয়াঙ লেকিত বুজন আগো দৌ ইল,উত্তর পাড়ায় একজন প্রবীণ মারা গেছেন,An elderly person died in North Para,北帕拉州一名老人去世,उत्तरी पारा में एक बुजुर्ग की मौत हो गई,Un anciano murió en el norte de Pará,Une personne âgée est décédée à North Para
তেইপাঙ মানুর কাম করিয়ো,মানুষের মতো কাজ করো,Act like a human being,像人一样行事,एक इंसान की तरह व्यवहार करें,Actúa como un ser humano,Agir comme un être humain
জারহানে নিককরিয়া আছু,শীতে কাপছি,Cup in winter,冬天的杯子,सर्दी में कप,copa en invierno,Coupe en hiver
হেইমাক মইলকর কৌলি,স্বামী স্ত্রীর ঝগড়া,Husband and wife quarrel,丈夫和妻子吵架,पति-पत्नी में झगड़ा होता है,Marido y mujer pelean,Querelle entre mari et femme
লেরিক হাত বহো কতি মোবাইল চেইতে,পড়তে বসো আর কত মোবাইল দেখবে,Sit down to read and see how many mobiles,坐下来看看有多少手机,पढ़ने बैठो और देखो कितने मोबाइल हैं,Siéntate a leer y mira cuántos móviles,Asseyez-vous pour lire et voir combien de mobiles
তাঙি দ্বিয়গি চাননা ইলা,তাদের দুজনের বিরোধ মিটে গেছে,The dispute between the two of them has been resolved,两人的纠纷已经解决,इन दोनों के बीच का विवाद सुलझ गया है,La disputa entre ambos ha sido resuelta.,Le différend entre les deux a été résolu
দিনহান কালা করিয়া বরণজুরি আহের,দিন কালো করে বৃষ্টি আসতেছে,The day is darkening and the rain is coming,天色渐暗，雨即将来临,दिन अँधेरा हो रहा है और बारिश आ रही है,El día se está oscureciendo y viene la lluvia.,Le jour s'assombrit et la pluie arrive
থকথক হাৎ বরণ পরতই,দ্রুত হাঁটো বৃষ্টি পড়বে,Walk fast it will rain,走快点会下雨,जल्दी चलो बारिश होगी,camina rápido que lloverá,"Marche vite, il va pleuvoir"
পাজালিয়া দারুহাসি থো,গুছিয়ে লাকড়িগুলো রাখো,Arrange the sticks,排列好木棍,लाठियों की व्यवस्था करो,Organizar los palos,Disposez les bâtons
দারু ফেরিক আয়,লাকড়ি কাটি এসো,Come cut wood,来砍木头,आओ लकड़ी काटो,Ven a cortar madera,Viens couper du bois
মহা বপিয়া বহানি নুয়ারলু আরতা,মশা বেশি বসতে পারলাম না আর,I couldn't sit anymore,我再也坐不住了,मैं अब और नहीं बैठ सकता था,ya no podía sentarme,Je ne pouvais plus m'asseoir
বেঙনে কামারিয়া ঘুমিয়া আসু,মৌমাছি কামড়ে ঘুমিয়ে আছি,I am sleeping with bee bites,我睡觉时被蜜蜂咬了,मैं मधुमक्खी के काटने से सो रहा हूँ,estoy durmiendo con picaduras de abeja,je dors avec des piqûres d'abeilles
হেইমাক-মিনক দিয়গি চুনা ইসি,স্বামী-স্ত্রী দুজনেই সুন্দর,Both husband and wife are beautiful,老公和老婆都很漂亮,पति-पत्नी दोनों खूबसूरत हैं,Tanto el marido como la mujer son hermosos.,Le mari et la femme sont beaux
তাঙর সও অগিঅউ চুনা ইসি,তাদের বাচ্চাগুলোও সুন্দর,Their children are also beautiful,他们的孩子也很漂亮,उनके बच्चे भी खूबसूरत हैं,Sus hijos también son hermosos.,Leurs enfants sont aussi beaux
উদারি হানি দিয়াবেলিস,ধার পরিশোধ করে ফেলো,Pay off the loan,还清贷款,ऋण चुकाओ,Pagar el préstamo,Rembourser le prêt
তোরতা কোন আপত্তি থায়লে বাঙাদে,তোমার কোন আপত্তি থাকলে জানাও,Let me know if you have any objection,如果您有任何异议请告诉我,अगर आपको कोई आपत्ति हो तो मुझे बताएं,Déjame saber si tienes alguna objeción.,Faites-moi savoir si vous avez des objections
ঝিগত ধরিয়া সাঙগাল করিয়া মাত,তি মরে কতিহান বাহানা পাওরি,You can make excuses for death,你可以为死亡找借口,आप मौत का बहाना बना सकते हैं,Puedes poner excusas para la muerte.,Tu peux trouver des excuses pour la mort
লেরিক লেরিকনা চামর মাতিয়া,বই বইসন্তুষ্ট হও না বলে,Books say don't be complacent,书上说不要自满,किताबें कहती हैं कि संतुष्ट मत रहो,Los libros dicen que no seas complaciente,Les livres disent de ne pas être complaisant
বাহানাপানার কোন রঙ নেই,ভালবাসার কোন রঙ হয় না,Love has no color,爱没有颜色,प्यार का कोई रंग नहीं होता,el amor no tiene color,L'amour n'a pas de couleur
খানা অহন কিদিয়া আছে তা,খাওয়া ব্যাপারটা কেনো আছে,Why is there a matter of eating?,为什么会有吃的问题呢？,खाने की बात ही क्यों?,¿Por qué existe la cuestión de comer?,Pourquoi y a-t-il une question de manger ?
হিজানি নাহের,রান্না করতে ইচ্ছে করে না,I don't want to cook,我不想做饭,मैं खाना बनाना नहीं चाहता,no quiero cocinar,je ne veux pas cuisiner
আশাঙকা রঙ,আকাশি রঙ,blue color,蓝色,नीला रंग,color azul,couleur bleue
জিগো লিবিয়া যাকগা,আগুন নিভে যাক,Let the fire go out,让火熄灭,आग को बुझने दो,Deja que el fuego se apague,Laisse le feu s'éteindre
বরনহাত তিঙিয়া হিনানি আহের,বৃষ্টিতে ভিজে স্নান করতে ইচ্ছে করছে,I want to take a bath in the rain,我想在雨中洗澡,मैं बारिश में नहाना चाहता हूँ,quiero bañarme bajo la lluvia,Je veux prendre un bain sous la pluie
খওগ বদি ইছে,ব্যাগটা ওজন বেশি,The bag is heavy,包很重,बैग भारी है,la bolsa es pesada,Le sac est lourd
মোরে ফটো তুলে ইতেয় গো মাত?,আমাকে ছবি তুলে দিবা কিনা বলো?,Tell me whether to take a picture?,告诉我要不要拍照？,मुझे बताओ कि क्या तस्वीर लेनी है?,¿Dime si tomar una foto?,Dites-moi si je dois prendre une photo ?
মাগুরার ঝুল নেন্নাম ন খানা আহের,মাগুর মাছের ঝুল খেতে ইচ্ছা করে,Magur wants to eat fish hook,马古尔想吃鱼钩,मगूर मछली का काँटा खाना चाहता है,Magur quiere comerse el anzuelo,Magur veut manger un hameçon
হেইনুচপ জবর চখা ইছে,কামরাঙা খুব টক,Kamranga is very sour,卡姆兰加很酸,कमरंगा बहुत खट्टा होता है,Kamranga es muy amarga,Kamranga est très aigre
শিঙ্গারি ফুল ঝঙিয়া পড়ক,শিউলি ফুল ঝরে পড়ুক,Let the flowers fall,让花落下,फूल गिरने दो,Deja que las flores caigan,Laisse tomber les fleurs
পুরানা মাঙখেই,পুরান টেটুল,Old Tetul,老泰图尔,पुराना तेतुल,Viejo Tetul,Vieux Tetul
ওয়াথাপেয়র সিঞ্চৌ খাসত গো?,পেঁপেঁর সালাদ খেয়েছিলা?,Did you eat papaya salad?,你吃木瓜沙拉了吗？,क्या आपने पपीते का सलाद खाया?,¿Comiste ensalada de papaya?,Avez-vous mangé de la salade de papaye ?
আমার এইগা মরিছে,আমাদের ঠাকুর মারা গেছে,Our Tagore is dead,我们的泰戈尔死了,हमारा टैगोर मर गया है,Nuestro Tagore está muerto.,Notre Tagore est mort
নঙসাঙ দিন ইল তোরে না দেহুরিতা,অনেকদিন হলো তোমাকে দেখিনা,I haven't seen you for a long time,我已经很久没见到你了,मैंने तुम्हें काफी समय से नहीं देखा है,hace mucho que no te veo,Je ne t'ai pas vu depuis longtemps
বরণ না পরিয়া মাটিহান শক্ত ইয়া হাক হাক ইয়া পরসেগা,বৃষ্টি না পড়ে মাটি শক্ত হয়ে ফাঁক হয়ে গেছে,"Without rain, the soil has hardened and cracked",没有下雨，土壤就会变硬、开裂,"बारिश के बिना, मिट्टी सख्त हो गई है और टूट गई है","Sin lluvia, el suelo se ha endurecido y agrietado.","Sans pluie, le sol s'est durci et craquelé"
এমতাগা কিৎতা আহান মনে না থার,হুদদা পাহুরুরি,Hudda Pahuri,胡达·帕胡里,हुडा पाहुरी,Hudda Pahuri,Hudda Pahuri
নিমুইসে জবর,ঠাই না-পাওরি,Can't fit,不适合,फिट नहीं हो सकता,no puedo encajar,Je ne peux pas rentrer
ফিরালহান ফুরদিল বৌয়ে,হাওয়ায় উড়াল দিলো পতাকা,The flag flew in the wind,旗帜在风中飘扬,झंडा हवा में उड़ गया,La bandera ondeaba al viento,Le drapeau flottait au vent
হাবি খম্পরিয়া নেগা,সব তুলে নিয়ে যাও,Take it all away,把一切都带走,यह सब ले जाओ,Llévatelo todo,Enlève tout
লেইরাপাগ মি,দিনে আনুরি দিনে খাওরি,I eat every day,我每天都吃,मैं प्रतिदिन खाता हूं,yo como todos los dias,je mange tous les jours
নুঙিপাতার লগে ফাংনাফাংনি দিয়া পারতাঙাইতা,বড় লোকদের সাথে সামনাসামনি হয়ে পারবো আমরা,We can face big people,我们可以面对大人物,हम बड़े लोगों का सामना कर सकते हैं,Podemos enfrentarnos a gente grande.,Nous pouvons affronter de grandes personnes
বর দিস ইমো,আশীর্বাদ দিও মাতা,Bless you mother,祝福你妈妈,तुम्हें आशीर्वाद दे माँ,Bendita seas madre,Bénis ta mère
কারেউ হারু করিয়া থনা নুয়ারলু,কাউকেই খুশি করে রাখতে পারলাম না,I couldn't please anyone,我无法取悦任何人,मैं किसी को खुश नहीं कर सका,no pude complacer a nadie,Je ne pouvais plaire à personne
হাদি হাদিৎ আহিস মোর ঘরে,মাঝেমাঝে এসো আমার ঘরে,Come to my house sometimes,有时来我家,कभी-कभी मेरे घर आया करो,Ven a mi casa a veces,Viens chez moi parfois
পরীক্ষার আগর দিনে ডিম নাখেইস,পরীক্ষার আগের দিন ডিম খেয়োনা,Do not eat eggs the day before the exam,考试前一天不要吃鸡蛋,परीक्षा से एक दिन पहले अंडे न खाएं,No comas huevos el día antes del examen.,Ne mangez pas d'œufs la veille de l'examen
নুকুলিয়া যাগা এহাৎত,বেরিয়ে যাও এখান থেকে,get out of here,离开这里,यहाँ से चले जाओ,sal de aquí,sors d'ici
হুসিগনো হিরেদে আহিংহান,সুই দিয়ে সেলাই করে দাও জামা,Sew the clothes with a needle,用针把衣服缝起来,सूई से कपड़े सिलो,Coser la ropa con una aguja.,Coudre les vêtements avec une aiguille
ফুল অগি সপাহাৎ থানাদে,ফুলগুলিকে গাছে থাকতে দাও,Leave the flowers on the plant,把花留在植物上,फूलों को पौधे पर छोड़ दें,Deja las flores en la planta.,Laissez les fleurs sur la plante
কিৎতাউ খানের আগে সাপননো আৎহান দুইস,কোনোকিছু খাওয়ার আগে সাবান দিয়ে হাত ধুইয়ে নিও,Wash your hands with soap before eating anything,吃东西前用肥皂洗手,कुछ भी खाने से पहले अपने हाथ साबुन से धोएं,Lávate las manos con jabón antes de comer cualquier cosa.,Lavez-vous les mains avec du savon avant de manger quoi que ce soit
হুকানা পাতায় মাটিহান গুরে বেলাসে,শুকনো পাতায় মাটি ঢেকে গিয়েছে,The ground is covered with dry leaves,地上铺满了干枯的树叶,ज़मीन सूखी पत्तियों से ढकी हुई है,El suelo está cubierto de hojas secas.,Le sol est couvert de feuilles sèches
ঘরেৎ্ত নুকুলতে পিসবুলা দিয়া আলথক নাইস,ঘর থেকে বের হবার সময় পিছনে ঘুরে ফিরবেনা,Do not turn back when leaving the house,离开家时不要回头,घर से निकलते समय पीछे मुड़कर न देखें,No dar marcha atrás al salir de casa.,Ne faites pas demi-tour en quittant la maison
মাহা আহান ইল এপাগাও আহিং হানি নাদলে,একমাস হলো এখনো জামাগুলো দিলেনা,It has been a month and the clothes have not yet been given,已经一个月了，衣服还没给,"एक महीना हो गया, अभी तक कपड़े नहीं दिये गये",Ha pasado un mes y aún no me han entregado la ropa.,Cela fait un mois et les vêtements n'ont pas encore été donnés
বাসা ফুতিহানি রুদগৎ সরাদিয়া আহং,দাঁড়াও কাপড়গুলো রোদে দিয়ে আসি,Let's put the clothes in the sun,我们把衣服放在阳光下晒一下,चलिए कपड़े धूप में रख देते हैं,Pongamos la ropa al sol.,Mettons les vêtements au soleil